time,x,y,z
17:40:25:884,0.34,0.86,-0.24
17:40:25:886,0.25,0.83,-0.08
17:40:25:888,0.18,0.77,0.11
17:40:25:898,0.17,0.69,0.28
17:40:25:903,0.28,0.63,0.43
17:40:25:944,0.46,0.67,0.51
17:40:25:946,0.66,0.78,0.55
17:40:25:949,0.88,0.93,0.56
17:40:25:951,1.08,1.07,0.56
17:40:25:954,1.26,1.09,0.59
17:40:25:961,1.36,1.02,0.68
17:40:25:980,1.39,0.90,0.83
17:40:25:983,1.32,0.77,1.05
17:40:25:996,1.17,0.68,1.23
17:40:26:0,0.97,0.66,1.33
17:40:26:51,0.89,0.70,1.43
17:40:26:54,0.90,0.72,1.50
17:40:26:66,1.03,0.72,1.56
17:40:26:72,1.28,0.68,1.65
17:40:26:74,1.51,0.61,1.68
17:40:26:76,1.76,0.61,1.70
17:40:26:78,1.96,0.63,1.70
17:40:26:80,2.09,0.65,1.71
17:40:26:99,2.19,0.62,1.75
17:40:26:101,2.21,0.47,1.78
17:40:26:121,2.19,0.27,1.81
17:40:26:125,2.16,0.04,1.80
17:40:26:128,2.05,-0.16,1.76
17:40:26:165,1.90,-0.28,1.71
17:40:26:168,1.73,-0.34,1.71
17:40:26:170,1.54,-0.38,1.72
17:40:26:172,1.40,-0.37,1.73
17:40:26:174,1.32,-0.36,1.75
17:40:26:190,1.27,-0.29,1.74
17:40:26:193,1.28,-0.15,1.71
17:40:26:211,1.27,0.01,1.66
17:40:26:213,1.22,0.15,1.56
17:40:26:257,1.16,0.20,1.39
17:40:26:260,1.07,0.13,1.20
17:40:26:262,0.94,-0.04,1.00
17:40:26:264,0.82,-0.22,0.81
17:40:26:265,0.70,-0.39,0.65
17:40:26:271,0.64,-0.50,0.55
17:40:26:280,0.64,-0.48,0.53
17:40:26:320,0.68,-0.38,0.54
17:40:26:322,0.71,-0.23,0.57
17:40:26:325,0.71,-0.10,0.59
17:40:26:326,0.67,-0.04,0.61
17:40:26:334,0.62,-0.02,0.65
17:40:26:339,0.58,-0.00,0.70
17:40:26:348,0.53,0.03,0.76
17:40:26:361,0.43,0.10,0.79
17:40:26:368,0.32,0.16,0.77
17:40:26:378,0.23,0.17,0.72
17:40:26:387,0.18,0.14,0.62
17:40:26:397,0.17,0.10,0.48
17:40:26:447,0.17,0.03,0.32
17:40:26:450,0.16,-0.02,0.15
17:40:26:452,0.11,-0.07,0.02
17:40:26:453,0.07,-0.12,-0.08
17:40:26:457,0.01,-0.12,-0.17
17:40:26:460,-0.04,-0.07,-0.23
17:40:26:469,-0.07,0.03,-0.28
17:40:26:481,-0.11,0.15,-0.31
17:40:26:485,-0.15,0.26,-0.30
17:40:26:529,-0.21,0.36,-0.27
17:40:26:531,-0.27,0.46,-0.26
17:40:26:532,-0.34,0.53,-0.25
17:40:26:534,-0.40,0.58,-0.26
17:40:26:535,-0.43,0.58,-0.30
17:40:26:546,-0.47,0.53,-0.33
17:40:26:553,-0.50,0.49,-0.37
17:40:26:563,-0.51,0.47,-0.41
17:40:26:572,-0.52,0.45,-0.42
17:40:26:582,-0.50,0.46,-0.42
17:40:26:621,-0.43,0.48,-0.41
17:40:26:623,-0.39,0.50,-0.37
17:40:26:625,-0.34,0.50,-0.32
17:40:26:627,-0.31,0.50,-0.27
17:40:26:635,-0.30,0.49,-0.22
17:40:26:640,-0.26,0.47,-0.16
17:40:26:650,-0.23,0.46,-0.12
17:40:26:661,-0.19,0.47,-0.06
17:40:26:669,-0.15,0.49,-0.00
17:40:26:679,-0.15,0.52,0.04
17:40:26:689,-0.15,0.53,0.07
17:40:26:724,-0.15,0.54,0.06
17:40:26:727,-0.16,0.52,0.01
17:40:26:729,-0.15,0.47,-0.03
17:40:26:731,-0.13,0.39,-0.08
17:40:26:737,-0.12,0.29,-0.12
17:40:26:747,-0.12,0.21,-0.14
17:40:26:757,-0.11,0.16,-0.14
17:40:26:767,-0.11,0.19,-0.15
17:40:26:779,-0.11,0.26,-0.15
17:40:26:786,-0.13,0.32,-0.13
17:40:26:796,-0.19,0.35,-0.10
17:40:26:805,-0.28,0.36,-0.05
17:40:26:848,-0.35,0.37,-0.02
17:40:26:851,-0.38,0.38,-0.02
17:40:26:946,-0.34,0.40,-0.07
17:40:26:950,-0.28,0.40,-0.13
17:40:26:952,-0.19,0.35,-0.18
17:40:26:954,-0.13,0.30,-0.21
17:40:26:956,-0.12,0.25,-0.23
17:40:26:958,-0.12,0.21,-0.25
17:40:26:961,-0.15,0.19,-0.25
17:40:26:963,-0.15,0.18,-0.26
17:40:26:965,-0.15,0.16,-0.25
17:40:26:967,-0.13,0.16,-0.22
17:40:26:969,-0.10,0.16,-0.20
17:40:26:970,-0.08,0.16,-0.20
17:40:26:972,-0.06,0.18,-0.21
17:40:26:973,-0.06,0.18,-0.23
17:40:26:974,-0.08,0.19,-0.28
17:40:26:981,-0.13,0.21,-0.33
17:40:26:990,-0.19,0.24,-0.38
17:40:27:0,-0.25,0.29,-0.42
17:40:27:36,-0.39,0.41,-0.49
17:40:27:39,-0.38,0.52,-0.52
17:40:27:40,-0.34,0.59,-0.52
17:40:27:42,-0.37,0.67,-0.57
17:40:27:71,-0.26,0.68,-0.57
17:40:27:74,-0.24,0.70,-0.58
17:40:27:77,-0.26,0.73,-0.59
17:40:27:79,-0.18,0.74,-0.55
17:40:27:87,-0.14,0.76,-0.51
17:40:27:97,-0.10,0.77,-0.47
17:40:27:106,0.00,0.77,-0.48
17:40:27:119,0.12,0.75,-0.49
17:40:27:152,0.24,0.71,-0.50
17:40:27:154,0.33,0.64,-0.50
17:40:27:156,0.43,0.56,-0.44
17:40:27:158,0.52,0.47,-0.34
17:40:27:165,0.58,0.38,-0.19
17:40:27:175,0.66,0.32,-0.02
17:40:27:184,0.74,0.29,0.11
17:40:27:196,0.79,0.28,0.22
17:40:27:203,0.81,0.25,0.26
17:40:27:213,0.78,0.20,0.26
17:40:27:223,0.66,0.08,0.26
17:40:27:254,0.53,-0.04,0.26
17:40:27:257,0.46,-0.13,0.32
17:40:27:260,0.38,-0.17,0.41
17:40:27:263,0.34,-0.13,0.51
17:40:27:271,0.35,-0.06,0.57
17:40:27:281,0.38,-0.01,0.56
17:40:27:292,0.45,-0.04,0.51
17:40:27:301,0.50,-0.13,0.44
17:40:27:340,0.50,-0.25,0.37
17:40:27:345,0.44,-0.37,0.33
17:40:27:348,0.35,-0.43,0.31
17:40:27:350,0.27,-0.42,0.31
17:40:27:352,0.22,-0.37,0.33
17:40:27:363,0.22,-0.27,0.36
17:40:27:369,0.29,-0.20,0.39
17:40:27:381,0.40,-0.15,0.42
17:40:27:388,0.50,-0.16,0.41
17:40:27:398,0.61,-0.22,0.38
17:40:27:409,0.66,-0.30,0.32
17:40:27:418,0.65,-0.40,0.27
17:40:27:462,0.64,-0.50,0.23
17:40:27:465,0.60,-0.58,0.22
17:40:27:468,0.58,-0.67,0.25
17:40:27:470,0.58,-0.73,0.30
17:40:27:472,0.52,-0.75,0.37
17:40:27:482,0.46,-0.73,0.43
17:40:27:486,0.41,-0.68,0.45
17:40:27:498,0.31,-0.64,0.43
17:40:27:505,0.23,-0.62,0.39
17:40:27:515,0.13,-0.64,0.32
17:40:27:525,0.00,-0.64,0.28
17:40:27:563,-0.05,-0.60,0.27
17:40:27:566,-0.05,-0.50,0.29
17:40:27:569,0.00,-0.35,0.32
17:40:27:571,0.10,-0.20,0.34
17:40:27:574,0.21,-0.08,0.32
17:40:27:585,0.29,0.01,0.32
17:40:27:593,0.34,0.08,0.32
17:40:27:602,0.40,0.14,0.30
17:40:27:645,0.41,0.19,0.29
17:40:27:648,0.43,0.29,0.27
17:40:27:651,0.46,0.39,0.24
17:40:27:653,0.48,0.51,0.25
17:40:27:656,0.55,0.62,0.30
17:40:27:665,0.64,0.70,0.36
17:40:27:670,0.73,0.74,0.44
17:40:27:683,0.83,0.80,0.54
17:40:27:690,0.91,0.85,0.62
17:40:27:700,1.01,0.91,0.69
17:40:27:709,1.13,1.00,0.74
17:40:27:749,1.26,1.12,0.74
17:40:27:752,1.37,1.26,0.72
17:40:27:755,1.47,1.40,0.65
17:40:27:759,1.51,1.47,0.56
17:40:27:762,1.53,1.51,0.42
17:40:27:772,1.53,1.52,0.25
17:40:27:779,1.51,1.50,0.07
17:40:27:792,1.47,1.48,-0.15
17:40:27:798,1.42,1.45,-0.37
17:40:27:872,1.34,1.40,-0.56
17:40:27:875,1.23,1.34,-0.71
17:40:27:877,1.09,1.29,-0.79
17:40:27:880,0.97,1.25,-0.77
17:40:27:882,0.72,1.38,-0.78
17:40:27:886,0.72,1.58,-0.66
17:40:27:888,0.75,1.71,-0.48
17:40:27:890,0.86,1.71,-0.34
17:40:27:891,1.09,1.55,-0.12
17:40:27:904,1.15,1.28,-0.04
17:40:27:906,1.23,1.06,-0.08
17:40:27:921,1.21,0.96,-0.17
17:40:27:923,1.24,0.93,-0.32
17:40:27:956,1.29,0.99,-0.44
17:40:27:960,1.36,1.07,-0.54
17:40:27:963,1.49,1.15,-0.57
17:40:27:965,1.62,1.10,-0.52
17:40:27:978,1.58,1.01,-0.43
17:40:27:981,1.55,0.93,-0.26
17:40:27:995,1.53,0.84,-0.09
17:40:28:8,1.52,0.80,0.07
17:40:28:12,1.57,0.77,0.16
17:40:28:25,1.57,0.74,0.15
17:40:28:59,1.59,0.72,0.05
17:40:28:62,1.57,0.66,-0.15
17:40:28:63,1.56,0.62,-0.39
17:40:28:65,1.55,0.53,-0.65
17:40:28:68,1.54,0.46,-0.86
17:40:28:81,1.58,0.45,-0.96
17:40:28:87,1.64,0.43,-0.95
17:40:28:98,1.73,0.44,-0.78
17:40:28:107,1.81,0.47,-0.51
17:40:28:117,1.92,0.49,-0.26
17:40:28:156,2.06,0.50,-0.11
17:40:28:161,2.12,0.49,-0.19
17:40:28:164,2.11,0.45,-0.45
17:40:28:166,1.95,0.35,-0.82
17:40:28:169,1.79,0.17,-1.21
17:40:28:176,1.66,-0.10,-1.51
17:40:28:185,1.53,-0.45,-1.70
17:40:28:197,1.46,-0.78,-1.79
17:40:28:204,1.43,-0.99,-1.78
17:40:28:215,1.42,-1.01,-1.68
17:40:28:224,1.42,-0.87,-1.53
17:40:28:234,1.47,-0.65,-1.37
17:40:28:243,1.50,-0.43,-1.22
17:40:28:275,1.54,-0.24,-1.14
17:40:28:280,1.62,-0.12,-1.13
17:40:28:282,1.67,-0.07,-1.23
17:40:28:285,1.65,-0.11,-1.47
17:40:28:292,1.55,-0.25,-1.81
17:40:28:302,1.36,-0.42,-2.19
17:40:28:344,1.07,-0.63,-2.56
17:40:28:348,0.80,-0.81,-2.78
17:40:28:351,0.60,-0.94,-2.88
17:40:28:354,0.51,-1.07,-2.86
17:40:28:357,0.51,-1.15,-2.68
17:40:28:360,0.64,-1.17,-2.36
17:40:28:370,0.87,-1.11,-1.92
17:40:28:383,1.02,-0.93,-1.43
17:40:28:389,1.04,-0.69,-1.02
17:40:28:400,0.92,-0.47,-0.83
17:40:28:409,0.77,-0.25,-0.80
17:40:28:418,0.55,-0.09,-0.89
17:40:28:463,0.30,-0.05,-1.11
17:40:28:467,0.05,-0.10,-1.30
17:40:28:470,-0.19,-0.25,-1.50
17:40:28:472,-0.31,-0.52,-1.71
17:40:28:475,-0.33,-0.83,-1.91
17:40:28:480,-0.31,-1.11,-2.14
17:40:28:488,-0.27,-1.36,-2.41
17:40:28:500,-0.22,-1.52,-2.67
17:40:28:506,-0.15,-1.56,-2.85
17:40:28:516,-0.01,-1.49,-2.85
17:40:28:525,0.21,-1.35,-2.67
17:40:28:535,0.41,-1.07,-2.39
17:40:28:578,0.59,-0.70,-2.05
17:40:28:582,0.73,-0.36,-1.79
17:40:28:585,0.73,-0.11,-1.67
17:40:28:587,0.68,-0.02,-1.67
17:40:28:590,0.57,-0.16,-1.75
17:40:28:594,0.41,-0.47,-1.92
17:40:28:603,0.27,-0.84,-2.13
17:40:28:617,0.14,-1.22,-2.32
17:40:28:622,0.08,-1.49,-2.50
17:40:28:663,-0.02,-1.60,-2.59
17:40:28:667,-0.04,-1.66,-2.49
17:40:28:670,-0.07,-1.66,-2.22
17:40:28:672,-0.22,-1.67,-1.79
17:40:28:673,0.09,-1.67,-1.33
17:40:28:682,0.22,-1.56,-0.95
17:40:28:690,0.34,-1.51,-0.76
17:40:28:700,0.66,-1.43,-0.62
17:40:28:709,0.73,-1.37,-0.54
17:40:28:719,0.86,-1.40,-0.52
17:40:28:751,1.00,-1.36,-0.47
17:40:28:753,1.10,-1.33,-0.54
17:40:28:755,1.07,-1.32,-0.62
17:40:28:758,0.98,-1.27,-0.69
17:40:28:768,0.86,-1.19,-0.79
17:40:28:832,0.68,-1.02,-0.90
17:40:28:835,0.46,-0.73,-1.03
17:40:28:838,0.31,-0.40,-1.09
17:40:28:841,0.36,-0.10,-1.11
17:40:28:842,0.58,0.09,-1.12
17:40:28:845,0.81,0.14,-1.07
17:40:28:847,1.02,0.08,-1.03
17:40:28:849,1.16,-0.01,-1.03
17:40:28:857,1.12,-0.01,-1.00
17:40:28:893,1.01,0.13,-1.04
17:40:28:897,0.82,0.37,-1.17
17:40:28:899,0.47,0.66,-1.27
17:40:28:900,0.14,0.89,-1.37
17:40:28:904,-0.01,1.01,-1.47
17:40:28:916,0.01,1.05,-1.48
17:40:28:923,0.13,1.07,-1.40
17:40:28:935,0.42,1.03,-1.27
17:40:28:942,0.73,1.02,-1.11
17:40:28:975,1.00,1.09,-0.98
17:40:28:978,1.28,1.24,-0.90
17:40:28:980,1.47,1.49,-0.90
17:40:28:983,1.54,1.79,-0.96
17:40:28:991,1.58,2.06,-1.11
17:40:29:1,1.64,2.18,-1.27
17:40:29:14,1.71,2.20,-1.45
17:40:29:23,1.82,2.15,-1.58
17:40:29:48,2.00,2.09,-1.62
17:40:29:51,2.15,2.06,-1.63
17:40:29:54,2.23,2.00,-1.58
17:40:29:59,2.23,1.91,-1.53
17:40:29:88,2.11,1.81,-1.53
17:40:29:91,1.90,1.67,-1.53
17:40:29:92,1.67,1.56,-1.59
17:40:29:101,1.43,1.51,-1.64
17:40:29:108,1.20,1.45,-1.69
17:40:29:118,1.05,1.39,-1.77
17:40:29:127,0.90,1.44,-1.77
17:40:29:155,0.88,1.56,-1.73
17:40:29:158,0.94,1.77,-1.66
17:40:29:160,1.01,2.00,-1.47
17:40:29:167,1.14,2.11,-1.25
17:40:29:176,1.24,2.13,-0.99
17:40:29:186,1.27,2.12,-0.73
17:40:29:200,1.29,2.11,-0.62
17:40:29:205,1.26,2.18,-0.70
17:40:29:217,1.14,2.23,-0.91
17:40:29:224,1.01,2.19,-1.21
17:40:29:234,0.84,2.11,-1.46
17:40:29:244,0.65,2.07,-1.60
17:40:29:270,0.61,2.07,-1.69
17:40:29:273,0.76,2.07,-1.68
17:40:29:274,1.00,2.04,-1.62
17:40:29:284,1.31,1.97,-1.49
17:40:29:292,1.57,1.89,-1.29
17:40:29:302,1.69,1.89,-1.15
17:40:29:316,1.75,1.97,-1.08
17:40:29:322,1.74,2.05,-1.12
17:40:29:334,1.61,2.15,-1.23
17:40:29:341,1.40,2.21,-1.41
17:40:29:374,1.19,2.23,-1.60
17:40:29:377,1.01,2.14,-1.74
17:40:29:380,0.99,1.81,-1.83
17:40:29:383,1.10,1.31,-1.81
17:40:29:390,1.22,0.86,-1.67
17:40:29:400,1.50,0.71,-1.58
17:40:29:409,1.72,0.88,-1.50
17:40:29:419,1.83,1.34,-1.39
17:40:29:428,1.94,1.91,-1.33
17:40:29:464,1.85,2.39,-1.27
17:40:29:469,1.64,2.77,-1.20
17:40:29:473,1.44,2.92,-1.17
17:40:29:476,1.17,2.79,-1.17
17:40:29:479,0.97,2.46,-1.16
17:40:29:492,0.83,2.10,-1.21
17:40:29:502,0.76,1.92,-1.32
17:40:29:506,0.76,1.93,-1.43
17:40:29:517,0.72,2.10,-1.52
17:40:29:525,0.70,2.36,-1.57
17:40:29:535,0.64,2.59,-1.58
17:40:29:545,0.57,2.80,-1.62
17:40:29:571,0.55,2.93,-1.72
17:40:29:574,0.54,2.93,-1.82
17:40:29:576,0.59,2.82,-1.93
17:40:29:585,0.65,2.63,-2.00
17:40:29:593,0.61,2.47,-1.98
17:40:29:603,0.61,2.45,-1.95
17:40:29:617,0.47,2.51,-1.88
17:40:29:623,0.29,2.57,-1.75
17:40:29:634,0.17,2.57,-1.61
17:40:29:642,0.07,2.52,-1.49
17:40:29:679,0.08,2.52,-1.43
17:40:29:682,0.14,2.59,-1.43
17:40:29:685,0.21,2.66,-1.53
17:40:29:687,0.20,2.79,-1.66
17:40:29:691,0.18,2.96,-1.76
17:40:29:703,0.21,3.00,-1.91
17:40:29:710,0.10,2.98,-1.99
17:40:29:721,0.00,2.98,-2.00
17:40:29:765,-0.05,2.95,-1.97
17:40:29:769,-0.18,3.02,-1.81
17:40:29:874,-0.32,3.17,-1.71
17:40:29:876,-0.36,3.29,-1.75
17:40:29:878,-0.47,3.37,-1.79
17:40:29:879,-0.64,3.50,-1.91
17:40:29:881,-0.80,3.78,-2.05
17:40:29:883,-0.80,3.95,-2.19
17:40:29:885,-0.98,4.06,-2.27
17:40:29:887,-0.72,4.04,-2.39
17:40:29:889,-0.28,3.83,-2.46
17:40:29:890,-0.36,3.63,-2.37
17:40:29:892,-0.13,3.45,-2.46
17:40:29:894,-0.33,3.32,-2.46
17:40:29:896,-0.74,3.23,-2.34
17:40:29:898,-0.90,3.38,-2.26
17:40:29:900,-1.03,3.56,-2.26
17:40:29:908,-1.17,3.73,-2.24
17:40:29:920,-1.20,3.63,-2.19
17:40:29:924,-1.20,3.24,-2.08
17:40:29:958,-1.13,2.79,-1.97
17:40:29:961,-0.96,2.41,-2.01
17:40:29:964,-0.86,2.28,-2.04
17:40:29:966,-0.77,2.41,-2.12
17:40:29:974,-0.67,2.67,-2.20
17:40:30:8,-0.75,3.05,-2.14
17:40:30:11,-0.85,3.29,-2.17
17:40:30:13,-1.07,3.39,-2.08
17:40:30:15,-1.48,3.42,-1.90
17:40:30:24,-1.72,3.43,-1.78
17:40:30:35,-1.90,3.45,-1.66
17:40:30:40,-2.07,3.56,-1.52
17:40:30:51,-1.98,3.58,-1.49
17:40:30:60,-1.87,3.50,-1.50
17:40:30:88,-1.76,3.49,-1.46
17:40:30:91,-1.64,3.56,-1.55
17:40:30:93,-1.60,3.48,-1.66
17:40:30:102,-1.74,3.70,-1.54
17:40:30:108,-1.80,3.71,-1.52
17:40:30:118,-1.97,3.70,-1.48
17:40:30:128,-2.15,3.97,-1.34
17:40:30:137,-2.14,3.91,-1.50
17:40:30:172,-2.26,3.86,-1.49
17:40:30:176,-2.12,3.74,-1.45
17:40:30:178,-1.95,3.51,-1.51
17:40:30:180,-1.81,3.29,-1.40
17:40:30:187,-1.65,3.30,-1.32
17:40:30:196,-1.72,3.04,-1.31
17:40:30:205,-1.75,2.74,-1.11
17:40:30:218,-1.94,2.44,-1.06
17:40:30:225,-2.23,2.09,-1.08
17:40:30:235,-2.35,2.13,-1.06
17:40:30:244,-2.55,2.44,-1.13
17:40:30:254,-2.57,2.92,-1.14
17:40:30:294,-2.45,3.25,-1.09
17:40:30:298,-2.30,3.31,-1.02
17:40:30:300,-2.15,3.05,-0.99
17:40:30:303,-2.06,2.58,-1.00
17:40:30:305,-2.00,2.19,-1.03
17:40:30:321,-1.96,1.92,-1.09
17:40:30:324,-1.99,1.87,-1.19
17:40:30:352,-2.00,2.01,-1.25
17:40:30:354,-2.00,2.26,-1.24
17:40:30:356,-2.12,2.49,-1.20
17:40:30:369,-2.23,2.55,-1.10
17:40:30:372,-2.36,2.49,-0.98
17:40:30:402,-2.44,2.32,-0.93
17:40:30:404,-2.38,2.22,-0.89
17:40:30:406,-2.21,2.14,-0.92
17:40:30:417,-1.88,2.13,-1.00
17:40:30:420,-1.67,1.99,-1.14
17:40:30:429,-1.55,1.81,-1.22
17:40:30:440,-1.59,1.66,-1.24
17:40:30:454,-1.73,1.52,-1.17
17:40:30:458,-1.92,1.77,-1.06
17:40:30:493,-1.53,2.44,-1.41
17:40:30:495,-1.33,3.79,-1.83
17:40:30:498,-1.58,3.81,-1.92
17:40:30:501,-1.44,3.48,-1.72
17:40:30:510,-1.72,2.94,-1.18
17:40:30:521,-1.66,1.72,-0.63
17:40:30:526,-1.36,1.78,-0.43
17:40:30:536,-1.39,1.89,-0.43
17:40:30:545,-1.40,1.66,-0.33
17:40:30:578,-1.40,1.45,-0.12
17:40:30:580,-1.29,1.33,-0.01
17:40:30:582,-1.17,1.34,-0.00
17:40:30:584,-1.13,1.48,0.06
17:40:30:595,-1.16,1.56,0.11
17:40:30:604,-1.13,1.53,0.26
17:40:30:613,-1.10,1.42,0.52
17:40:30:626,-1.11,1.30,0.75
17:40:30:638,-1.04,1.17,0.87
17:40:30:642,-0.97,1.11,0.83
17:40:30:655,-0.81,1.10,0.69
17:40:30:662,-0.63,1.23,0.48
17:40:30:695,-0.57,1.45,0.18
17:40:30:698,-0.59,1.49,-0.01
17:40:30:700,-0.65,1.54,-0.13
17:40:30:703,-0.84,1.37,-0.16
17:40:30:712,-0.88,1.00,-0.02
17:40:30:721,-0.85,0.70,0.14
17:40:30:786,-0.87,0.22,0.24
17:40:30:789,-0.73,-0.35,0.27
17:40:30:791,-0.72,-0.84,0.29
17:40:30:792,-0.68,-1.26,0.28
17:40:30:794,-0.45,-1.11,0.43
17:40:30:796,-0.80,-1.24,0.29
17:40:30:797,-0.76,-1.28,0.23
17:40:30:799,-0.94,-1.31,0.17
17:40:30:815,-1.33,-1.67,-0.05
17:40:30:817,-1.35,-1.82,0.05
17:40:30:827,-1.63,-2.09,0.13
17:40:30:837,-1.50,-2.10,0.54
17:40:30:846,-1.52,-2.40,0.71
17:40:30:879,-1.08,-2.09,1.10
17:40:30:882,-0.92,-1.93,1.17
17:40:30:884,-0.74,-1.78,1.10
17:40:30:886,-0.56,-1.49,1.07
17:40:30:895,-0.54,-1.29,0.93
17:40:30:927,-0.50,-1.00,0.93
17:40:30:929,-0.64,-0.98,0.85
17:40:30:931,-0.60,-0.95,0.95
17:40:30:934,-0.66,-1.26,0.85
17:40:30:944,-0.48,-1.41,0.87
17:40:30:985,-0.32,-1.50,0.83
17:40:30:987,-0.17,-1.35,0.82
17:40:30:990,-0.14,-1.01,0.86
17:40:30:993,-0.25,-0.66,0.94
17:40:30:996,-0.42,-0.35,0.98
17:40:31:2,-0.53,-0.14,1.00
17:40:31:11,-0.36,0.11,0.91
17:40:31:21,-0.42,0.36,1.01
17:40:31:31,-0.01,1.69,0.62
17:40:31:40,1.22,3.94,-0.67
17:40:31:78,1.54,4.14,-1.08
17:40:31:80,1.82,3.13,-2.20
17:40:31:82,1.76,1.52,-2.06
17:40:31:84,1.12,-0.51,-0.73
17:40:31:91,1.02,-0.60,-0.63
17:40:31:109,0.96,0.24,-0.16
17:40:31:111,0.69,0.48,-0.01
17:40:31:129,0.52,0.53,-0.08
17:40:31:140,0.75,1.32,0.39
17:40:31:143,1.17,2.92,0.78
17:40:31:158,1.37,4.48,0.36
17:40:31:161,1.19,5.14,-0.23
17:40:31:195,0.62,4.22,-0.61
17:40:31:198,0.41,2.63,-0.83
17:40:31:200,0.50,1.23,-0.61
17:40:31:202,0.45,0.41,-0.07
17:40:31:211,0.43,0.36,0.09
17:40:31:221,0.13,0.40,0.24
17:40:31:225,-0.14,0.35,0.26
17:40:31:240,-0.28,0.29,0.17
17:40:31:245,-0.27,0.30,0.43
17:40:31:258,-0.13,0.34,0.77
17:40:31:264,-0.42,0.60,1.00
17:40:31:311,-0.21,0.71,0.93
17:40:31:313,-0.10,0.65,0.72
17:40:31:316,-0.07,0.45,0.71
17:40:31:318,0.67,0.05,0.73
17:40:31:319,0.87,-0.23,1.01
17:40:31:330,1.14,-0.38,1.05
17:40:31:333,1.04,-0.45,0.86
17:40:31:342,0.67,-0.42,0.70
17:40:31:352,0.30,-0.43,0.54
17:40:31:361,0.10,-0.39,0.52
17:40:31:371,0.41,-0.30,0.51
17:40:31:380,0.84,-0.33,0.42
17:40:31:409,1.29,-0.37,0.12
17:40:31:412,1.56,-0.49,-0.23
17:40:31:413,1.55,-0.67,-0.70
17:40:31:421,1.26,-0.78,-1.31
17:40:31:429,0.64,-0.79,-1.53
17:40:31:439,-0.02,-0.70,-1.61
17:40:31:448,-0.51,-0.64,-1.43
17:40:31:488,-0.80,-0.59,-0.78
17:40:31:491,-0.72,-0.55,-0.40
17:40:31:493,-0.93,-0.54,-0.22
17:40:31:495,-1.53,-0.34,-0.23
17:40:31:497,-1.91,-0.27,-0.45
17:40:31:509,-1.84,-0.36,-0.63
17:40:31:522,-1.29,-0.54,-0.51
17:40:31:526,-0.44,-0.78,-0.28
17:40:31:539,0.13,-0.84,-0.12
17:40:31:545,0.21,-0.80,-0.08
17:40:31:556,0.16,-0.69,-0.24
17:40:31:565,0.17,-0.66,-0.46
17:40:31:575,0.24,-0.72,-0.60
17:40:31:617,0.34,-0.75,-0.66
17:40:31:619,0.43,-0.76,-0.69
17:40:31:623,0.46,-0.73,-0.75
17:40:31:625,0.39,-0.69,-0.81
17:40:31:627,0.25,-0.64,-0.82
17:40:31:634,0.11,-0.61,-0.72
17:40:31:644,-0.04,-0.57,-0.51
17:40:31:655,-0.13,-0.53,-0.27
17:40:31:662,-0.13,-0.48,-0.13
17:40:31:695,-0.12,-0.45,-0.12
17:40:31:697,-0.09,-0.42,-0.23
17:40:31:699,-0.07,-0.40,-0.35
17:40:31:753,-0.05,-0.38,-0.40
17:40:31:755,-0.04,-0.34,-0.34
17:40:31:756,-0.06,-0.32,-0.22
17:40:31:758,-0.09,-0.28,-0.11
17:40:31:760,-0.12,-0.26,-0.05
17:40:31:761,-0.11,-0.24,-0.07
17:40:31:762,-0.07,-0.23,-0.13
17:40:31:772,-0.03,-0.21,-0.17
17:40:31:778,0.00,-0.19,-0.16
17:40:31:814,-0.00,-0.16,-0.10
17:40:31:817,-0.04,-0.14,-0.04
17:40:31:820,-0.05,-0.11,0.01
17:40:31:821,-0.06,-0.09,0.02
17:40:31:827,-0.04,-0.09,0.02
17:40:31:837,0.00,-0.09,-0.01
17:40:31:846,0.01,-0.07,-0.02
17:40:31:866,0.00,-0.06,-0.00
17:40:31:895,-0.02,-0.04,0.04
17:40:31:897,-0.01,-0.03,0.06
17:40:31:899,-0.01,-0.03,0.06
17:40:31:905,-0.01,-0.01,0.06
17:40:31:914,-0.00,-0.01,0.05
17:40:31:924,0.01,-0.01,0.05
17:40:31:937,0.02,0.01,0.06
17:40:31:944,0.03,0.01,0.07
17:40:31:954,0.02,0.01,0.09
17:40:31:963,0.01,0.03,0.09
17:40:32:2,-0.00,0.02,0.09
17:40:32:5,-0.00,0.03,0.09
17:40:32:7,-0.00,0.05,0.09
17:40:32:9,-0.00,0.05,0.09
17:40:32:11,-0.00,0.06,0.09
17:40:32:23,-0.02,0.06,0.09
17:40:32:31,-0.02,0.06,0.09
17:40:32:41,-0.02,0.05,0.08
17:40:32:90,-0.03,0.04,0.09
17:40:32:94,-0.04,0.03,0.09
17:40:32:96,-0.04,0.04,0.09
17:40:32:100,-0.03,0.04,0.08
17:40:32:103,-0.01,0.03,0.08
17:40:32:112,-0.01,0.04,0.07
17:40:32:124,-0.02,0.03,0.06
17:40:32:129,-0.03,0.04,0.05
17:40:32:140,-0.05,0.04,0.04
17:40:32:148,-0.04,0.04,0.03
17:40:32:158,-0.03,0.03,0.02
17:40:32:167,-0.02,0.03,0.02
17:40:32:208,-0.02,0.03,0.02
17:40:32:211,-0.03,0.02,0.03
17:40:32:213,-0.03,0.03,0.03
17:40:32:216,-0.03,0.02,0.02
17:40:32:220,-0.02,0.01,0.02
17:40:32:227,0.00,0.00,0.02
17:40:32:239,0.01,0.00,0.01
17:40:32:245,0.01,0.01,0.02
17:40:32:255,0.02,0.01,0.02
17:40:32:307,0.03,0.01,0.01
17:40:32:310,0.03,-0.00,-0.00
17:40:32:312,0.02,0.01,-0.01
17:40:32:314,0.01,0.00,-0.02
17:40:32:318,0.00,-0.01,-0.02
17:40:32:325,0.00,0.00,-0.02
17:40:32:332,0.01,0.00,-0.01
17:40:32:342,0.02,0.01,-0.01
17:40:32:389,0.02,0.01,-0.00
17:40:32:392,0.02,0.01,-0.01
17:40:32:394,0.01,0.01,-0.02
17:40:32:396,0.00,0.01,-0.02
17:40:32:398,0.00,0.02,-0.02
17:40:32:400,0.01,0.01,-0.02
17:40:32:410,0.01,-0.00,-0.01
17:40:32:422,0.01,-0.01,-0.01
17:40:32:429,-0.00,-0.01,-0.01
17:40:32:439,-0.01,-0.00,-0.01
17:40:32:449,-0.02,0.01,-0.01
17:40:32:459,-0.01,0.01,0.00
17:40:32:506,0.00,0.01,0.00
17:40:32:509,0.00,-0.00,0.00
17:40:32:511,0.00,0.01,-0.01
17:40:32:517,0.00,0.02,-0.01
17:40:32:527,0.00,0.02,-0.00
17:40:32:540,0.00,0.02,-0.00
17:40:32:556,-0.00,0.01,-0.00
17:40:32:606,-0.01,0.01,-0.00
17:40:32:609,-0.01,0.01,0.01
17:40:32:611,-0.01,0.02,0.01
17:40:32:613,-0.01,0.01,0.01
17:40:32:615,-0.00,0.01,0.01
17:40:32:624,-0.00,0.01,0.00
17:40:32:643,-0.00,0.02,0.00
17:40:32:653,-0.00,0.01,0.01
17:40:32:694,-0.00,0.01,0.01
17:40:32:696,-0.00,0.00,0.02
17:40:32:698,-0.00,0.00,0.00
17:40:32:711,-0.00,0.00,0.00
17:40:32:723,-0.00,0.00,-0.01
17:40:32:731,-0.01,0.00,0.01
17:40:32:740,-0.01,0.00,0.02
17:40:32:750,-0.02,0.00,0.03
17:40:32:806,-0.01,-0.01,0.02
17:40:32:902,-0.01,-0.01,0.01
17:40:32:903,-0.00,-0.01,0.00
17:40:32:905,-0.00,-0.01,0.01
17:40:32:906,-0.00,-0.00,0.02
17:40:32:908,-0.01,-0.00,0.02
17:40:32:910,-0.01,0.01,0.01
17:40:32:911,0.00,0.01,-0.00
17:40:32:912,0.01,0.01,-0.01
17:40:32:913,0.01,0.01,0.01
17:40:32:915,0.01,-0.00,0.01
17:40:32:916,0.01,-0.00,0.00
17:40:32:924,0.00,-0.00,0.00
17:40:32:934,-0.01,-0.01,-0.01
17:40:32:965,-0.01,-0.00,0.00
17:40:32:967,-0.01,-0.00,0.01
17:40:32:969,-0.02,-0.00,0.02
17:40:32:983,-0.03,-0.00,0.01
17:40:33:13,-0.03,-0.00,0.00
17:40:33:15,-0.02,-0.00,-0.01
17:40:33:16,-0.01,0.01,-0.02
17:40:33:23,-0.01,0.01,-0.02
17:40:33:31,0.00,0.01,-0.01
17:40:33:51,0.01,0.01,-0.00
17:40:33:60,-0.00,0.01,-0.01
17:40:33:71,-0.00,0.01,-0.02
17:40:33:80,-0.00,0.01,-0.01
17:40:33:90,-0.00,0.01,-0.00
17:40:33:99,0.01,0.01,0.01
17:40:33:142,-0.00,0.01,0.02
17:40:33:145,-0.01,0.01,0.01
17:40:33:148,-0.01,0.01,-0.00
17:40:33:150,-0.01,-0.00,-0.00
17:40:33:153,-0.01,-0.01,-0.01
17:40:33:162,0.01,-0.01,-0.00
17:40:33:167,0.01,-0.01,0.01
17:40:33:177,-0.00,0.00,0.01
17:40:33:227,-0.00,0.01,0.01
17:40:33:230,-0.01,0.01,-0.00
17:40:33:231,-0.01,-0.00,-0.01
17:40:33:233,-0.00,-0.01,-0.00
17:40:33:236,0.01,-0.01,0.01
17:40:33:245,0.01,-0.01,0.01
17:40:33:257,-0.00,0.00,-0.00
17:40:33:265,0.01,0.00,-0.01
17:40:33:274,0.01,-0.01,-0.01
17:40:33:326,0.02,-0.01,-0.01
17:40:33:329,0.01,-0.01,0.00
17:40:33:331,0.01,0.00,0.00
17:40:33:333,-0.00,-0.01,-0.00
17:40:33:335,0.01,-0.01,0.00
17:40:33:343,0.00,-0.01,0.00
17:40:33:362,0.00,0.00,-0.00
17:40:33:409,-0.01,0.00,-0.00
17:40:33:412,-0.00,0.00,-0.00
17:40:33:414,-0.01,0.01,0.01
17:40:33:416,-0.00,0.01,0.01
17:40:33:418,-0.00,-0.00,0.01
17:40:33:420,-0.00,-0.00,0.01
17:40:33:430,0.01,-0.00,0.00
17:40:33:449,0.01,0.01,0.01
17:40:33:459,0.01,-0.00,0.01
17:40:33:469,0.01,-0.01,0.01
17:40:33:525,0.01,-0.00,-0.00
17:40:33:529,0.01,0.01,-0.01
17:40:33:531,-0.00,0.02,-0.00
17:40:33:532,-0.00,0.02,0.01
17:40:33:534,-0.01,0.01,0.01
17:40:33:542,-0.01,0.01,0.02
17:40:33:546,-0.00,0.01,0.01
17:40:33:558,-0.00,-0.00,-0.00
17:40:33:566,0.01,-0.01,-0.00
17:40:33:575,0.01,-0.01,-0.01
17:40:33:585,0.01,-0.02,-0.01
17:40:33:628,0.01,-0.02,-0.00
17:40:33:631,-0.00,-0.01,-0.00
17:40:33:634,-0.00,-0.01,0.01
17:40:33:637,-0.01,-0.00,0.01
17:40:33:641,-0.01,0.02,-0.00
17:40:33:644,-0.00,0.02,0.01
17:40:33:663,0.01,0.02,0.01
17:40:33:709,0.01,0.01,0.02
17:40:33:714,0.01,0.01,0.02
17:40:33:716,0.01,0.01,0.01
17:40:33:718,0.01,-0.00,-0.00
17:40:33:722,0.01,-0.00,-0.01
17:40:33:731,0.01,-0.00,-0.00
17:40:33:742,0.01,-0.00,0.01
17:40:33:750,0.01,0.01,0.02
17:40:33:760,0.01,0.01,0.02
17:40:33:770,0.01,0.01,0.01
17:40:33:838,0.01,0.01,0.01
17:40:33:841,-0.00,0.01,0.03
17:40:33:844,-0.00,0.01,0.02
17:40:33:846,-0.00,0.01,0.01
17:40:33:850,-0.00,-0.00,0.00
17:40:33:852,-0.00,-0.00,-0.01
17:40:33:862,-0.00,-0.00,-0.01
17:40:33:867,-0.00,-0.00,0.00
17:40:33:878,-0.00,0.01,0.00
17:40:33:887,0.00,0.01,0.01
17:40:33:990,0.00,0.01,0.01
17:40:33:993,0.01,0.01,0.01
17:40:33:995,0.01,0.00,0.02
17:40:33:996,0.00,-0.01,0.01
17:40:33:998,0.00,-0.01,0.01
17:40:34:0,-0.01,-0.01,0.01
17:40:34:2,-0.01,-0.01,0.01
17:40:34:4,0.00,0.00,0.01
17:40:34:6,-0.01,0.00,-0.00
17:40:34:8,-0.01,0.00,0.00
17:40:34:10,-0.01,0.00,0.01
17:40:34:12,-0.02,0.00,0.02
17:40:34:18,-0.01,-0.01,0.03
17:40:34:55,-0.01,-0.01,0.02
17:40:34:58,-0.02,-0.01,0.01
17:40:34:59,-0.02,-0.01,-0.00
17:40:34:61,-0.03,0.00,-0.00
17:40:34:62,-0.03,-0.01,0.01
17:40:34:75,-0.02,-0.01,0.01
17:40:34:80,-0.01,-0.01,0.02
17:40:34:116,0.00,-0.01,0.01
17:40:34:118,0.00,0.00,0.01
17:40:34:119,0.00,0.00,0.00
17:40:34:155,0.00,0.00,-0.01
17:40:34:158,-0.01,0.00,-0.02
17:40:34:159,-0.01,0.00,-0.01
17:40:34:162,-0.02,0.00,-0.01
17:40:34:167,-0.02,-0.01,0.00
17:40:34:177,-0.01,-0.02,0.01
17:40:34:189,-0.01,-0.03,0.01
17:40:34:225,-0.00,-0.03,0.01
17:40:34:228,-0.00,-0.02,0.00
17:40:34:230,0.01,-0.01,0.00
17:40:34:232,-0.00,0.00,0.00
17:40:34:246,-0.00,0.00,0.01
17:40:34:314,-0.00,-0.01,0.01
17:40:34:317,-0.01,-0.01,0.01
17:40:34:319,-0.01,-0.01,-0.00
17:40:34:325,-0.00,-0.01,-0.01
17:40:34:327,-0.00,0.00,-0.01
17:40:34:328,0.01,0.00,-0.02
17:40:34:334,0.01,0.00,0.00
17:40:34:352,-0.00,0.01,-0.01
17:40:34:362,-0.00,0.01,-0.00
17:40:34:375,-0.01,0.01,-0.01
17:40:34:381,-0.01,0.01,-0.00
17:40:34:391,-0.00,0.01,0.01
17:40:34:401,0.00,0.01,0.01
17:40:34:433,0.01,0.01,-0.00
17:40:34:435,0.01,0.01,-0.00
17:40:34:442,0.00,0.01,-0.00
17:40:34:449,-0.01,0.01,0.01
17:40:34:459,-0.01,0.01,-0.00
17:40:34:479,0.00,0.01,-0.01
17:40:34:523,0.01,-0.00,-0.02
17:40:34:528,0.01,-0.00,-0.01
17:40:34:530,0.01,-0.00,-0.01
17:40:34:533,0.01,-0.00,-0.00
17:40:34:535,0.01,0.00,0.01
17:40:34:557,0.01,-0.01,-0.00
17:40:34:566,0.00,-0.01,-0.00
17:40:34:576,0.00,-0.01,-0.01
17:40:34:585,-0.00,-0.01,-0.02
17:40:34:631,-0.01,0.00,-0.01
17:40:34:636,-0.00,0.00,-0.01
17:40:34:639,-0.00,0.00,-0.00
17:40:34:644,-0.00,0.00,0.01
17:40:34:648,0.01,0.00,0.01
17:40:34:651,0.01,0.00,0.01
17:40:34:663,0.01,-0.01,0.01
17:40:34:683,0.01,0.00,0.01
17:40:34:733,0.01,0.00,0.01
17:40:34:736,0.01,0.01,0.00
17:40:34:743,-0.00,0.01,-0.01
17:40:34:745,-0.00,0.00,-0.02
17:40:34:747,-0.01,0.00,-0.02
17:40:34:749,-0.01,0.00,-0.02
17:40:34:752,-0.01,0.00,-0.01
17:40:34:762,-0.01,-0.01,-0.01
17:40:34:770,0.01,-0.01,-0.01
17:40:34:780,0.01,-0.01,0.00
17:40:34:835,-0.00,0.00,0.01
17:40:34:838,-0.01,0.00,0.00
17:40:34:841,-0.01,0.00,-0.00
17:40:34:843,0.01,0.00,-0.01
17:40:34:845,0.01,0.00,-0.01
17:40:34:851,0.01,0.00,0.00
17:40:34:860,0.00,0.00,0.00
17:40:34:867,-0.01,0.00,0.01
17:40:34:877,-0.02,0.00,0.01
17:40:34:886,-0.02,0.00,0.01
17:40:34:931,-0.02,0.00,0.01
17:40:34:934,-0.02,0.01,0.01
17:40:34:936,-0.02,0.01,0.01
17:40:34:938,-0.02,0.01,-0.00
17:40:34:940,-0.02,0.01,0.00
17:40:34:947,-0.02,0.00,-0.00
17:40:34:954,-0.01,0.00,-0.01
17:40:34:964,-0.01,0.00,-0.01
17:40:34:976,-0.00,0.00,-0.01
17:40:35:78,0.01,0.01,-0.02
17:40:35:80,-0.00,0.01,-0.01
17:40:35:82,-0.00,0.01,0.00
17:40:35:84,-0.01,0.01,0.00
17:40:35:86,-0.01,0.00,0.01
17:40:35:88,-0.00,0.00,0.01
17:40:35:90,0.01,-0.01,0.00
17:40:35:92,0.01,-0.01,-0.00
17:40:35:94,-0.00,-0.01,0.00
17:40:35:96,-0.00,-0.01,-0.01
17:40:35:98,-0.00,0.00,0.00
17:40:35:100,-0.00,0.00,-0.00
17:40:35:120,-0.01,0.00,0.01
17:40:35:166,-0.02,0.00,0.01
17:40:35:169,-0.01,0.00,-0.00
17:40:35:171,0.00,0.00,0.01
17:40:35:175,0.01,0.00,0.01
17:40:35:182,0.00,0.00,0.02
17:40:35:187,0.00,-0.00,0.03
17:40:35:197,0.00,-0.00,0.01
17:40:35:247,0.00,-0.00,0.01
17:40:35:250,0.00,-0.01,-0.00
17:40:35:252,-0.01,-0.01,-0.01
17:40:35:254,-0.02,-0.01,-0.00
17:40:35:256,-0.02,-0.01,-0.01
17:40:35:259,-0.01,-0.00,-0.01
17:40:35:265,0.00,-0.00,-0.00
17:40:35:277,0.00,-0.00,-0.00
17:40:35:285,0.00,-0.00,0.01
17:40:35:353,0.01,-0.00,0.01
17:40:35:357,0.01,-0.00,0.01
17:40:35:360,0.01,-0.01,0.01
17:40:35:362,0.01,-0.01,0.02
17:40:35:372,0.01,-0.01,0.01
17:40:35:382,0.01,0.00,0.01
17:40:35:393,0.01,0.00,-0.01
17:40:35:401,0.01,0.00,-0.01
17:40:35:420,0.01,0.00,-0.01
17:40:35:476,0.01,0.00,-0.00
17:40:35:481,0.01,0.01,-0.01
17:40:35:482,0.00,0.01,0.00
17:40:35:484,-0.01,0.01,-0.01
17:40:35:487,-0.01,0.01,-0.00
17:40:35:489,0.00,0.00,-0.01
17:40:35:491,0.02,0.00,-0.01
17:40:35:498,0.03,0.00,0.00
17:40:35:551,0.03,0.01,0.00
17:40:35:554,0.02,0.01,0.00
17:40:35:557,0.00,0.01,-0.01
17:40:35:559,-0.01,0.01,-0.01
17:40:35:561,-0.01,0.00,-0.01
17:40:35:568,-0.00,0.00,0.00
17:40:35:578,0.01,0.00,0.00
17:40:35:585,0.01,0.00,-0.01
17:40:35:595,-0.00,0.00,-0.01
17:40:35:648,-0.00,0.00,-0.01
17:40:35:650,-0.01,0.00,-0.01
17:40:35:653,-0.00,-0.01,0.01
17:40:35:655,-0.00,-0.02,0.00
17:40:35:657,-0.01,-0.02,0.03
17:40:35:666,-0.01,-0.02,0.02
17:40:35:673,-0.01,-0.01,0.01
17:40:35:683,-0.01,0.00,0.01
17:40:35:732,-0.02,0.00,0.02
17:40:35:735,-0.01,0.00,0.01
17:40:35:737,-0.01,-0.01,0.02
17:40:35:740,0.00,-0.01,0.01
17:40:35:743,0.00,-0.01,0.02
17:40:35:751,0.00,-0.01,0.02
17:40:35:763,-0.01,0.01,0.01
17:40:35:780,-0.01,0.01,0.02
17:40:35:791,-0.02,0.01,0.03
17:40:35:800,-0.01,0.01,0.02
17:40:35:813,-0.01,0.01,0.01
17:40:35:819,-0.01,0.02,0.00
17:40:35:870,-0.00,0.02,-0.00
17:40:35:873,-0.00,0.02,-0.02
17:40:35:876,-0.00,0.02,0.00
17:40:35:878,0.01,0.01,0.00
17:40:35:880,-0.00,0.01,0.00
17:40:35:882,-0.00,0.00,0.01
17:40:35:890,-0.01,0.00,-0.01
17:40:35:897,-0.01,0.00,-0.01
17:40:35:906,-0.00,0.01,-0.01
17:40:35:954,0.01,0.01,0.00
17:40:35:957,0.01,0.01,0.00
17:40:35:959,0.01,0.00,0.00
17:40:35:960,-0.00,0.00,-0.01
17:40:35:966,-0.01,0.00,-0.02
17:40:35:978,-0.01,0.01,-0.02
17:40:35:984,-0.01,0.01,-0.01
17:40:35:997,-0.00,0.01,-0.00
17:40:36:7,-0.00,-0.00,0.01
17:40:36:23,-0.00,-0.00,-0.00
17:40:36:61,-0.00,-0.00,-0.00
17:40:36:63,-0.00,0.01,-0.00
17:40:36:64,-0.00,-0.00,-0.00
17:40:36:65,-0.00,-0.00,-0.01
17:40:36:71,0.00,-0.00,-0.01
17:40:36:81,0.00,-0.00,-0.01
17:40:36:162,0.00,0.01,-0.00
17:40:36:164,-0.01,0.01,0.01
17:40:36:165,-0.01,0.01,0.01
17:40:36:166,-0.01,-0.00,-0.00
17:40:36:172,0.00,-0.00,-0.00
17:40:36:173,0.00,-0.00,0.01
17:40:36:175,0.01,-0.01,-0.00
17:40:36:176,0.00,-0.01,-0.00
17:40:36:178,0.00,-0.01,-0.01
17:40:36:188,0.00,-0.01,-0.02
17:40:36:222,0.00,-0.00,-0.01
17:40:36:226,0.00,-0.00,0.00
17:40:36:228,0.00,-0.00,0.01
17:40:36:229,0.00,0.00,0.01
17:40:36:236,0.00,0.00,0.01
17:40:36:246,0.01,0.00,0.00
17:40:36:255,0.00,0.00,0.00
17:40:36:288,-0.01,0.00,0.00
17:40:36:291,-0.02,-0.01,0.00
17:40:36:298,-0.01,-0.01,0.00
17:40:36:304,-0.01,-0.01,0.00
17:40:36:347,-0.11,1.07,-0.07
17:40:36:349,0.71,4.21,1.54
17:40:36:351,1.17,7.35,2.98
17:40:36:353,1.93,10.49,2.74
17:40:36:355,1.78,12.56,3.60
17:40:36:363,0.81,12.55,1.91
17:40:36:372,0.13,12.54,0.45
17:40:36:382,-0.69,12.53,0.35
17:40:36:396,-0.53,12.51,-0.69
17:40:36:401,-0.39,12.48,-0.67
17:40:36:412,0.48,12.43,-2.22
17:40:36:420,1.11,12.38,-1.84
17:40:36:467,1.93,12.30,-1.18
17:40:36:471,2.37,12.22,-0.58
17:40:36:473,1.84,12.11,1.43
17:40:36:479,1.11,11.98,1.79
17:40:36:482,-0.08,11.83,1.78
17:40:36:484,-1.08,10.98,1.68
17:40:36:495,-1.89,8.91,1.73
17:40:36:501,-2.64,5.71,1.99
17:40:36:509,-3.17,1.66,2.39
17:40:36:521,-3.64,-2.27,2.87
17:40:36:564,-4.00,-5.45,3.41
17:40:36:568,-4.08,-7.67,3.82
17:40:36:570,-3.97,-8.96,4.11
17:40:36:572,-3.77,-9.64,4.33
17:40:36:575,-3.53,-9.85,4.42
17:40:36:579,-3.34,-9.92,4.50
17:40:36:586,-3.22,-10.10,4.46
17:40:36:597,-3.09,-10.36,4.35
17:40:36:605,-2.96,-10.66,4.16
17:40:36:637,-2.83,-10.94,3.88
17:40:36:640,-2.71,-11.21,3.63
17:40:36:645,-2.59,-11.46,3.32
17:40:36:647,-2.49,-11.70,2.99
17:40:36:655,-2.39,-11.94,2.64
17:40:36:664,-2.33,-12.13,2.26
17:40:36:673,-2.29,-12.29,1.85
17:40:36:683,-2.24,-12.41,1.40
17:40:36:697,-2.20,-12.49,0.89
17:40:36:702,-2.20,-12.59,0.37
17:40:36:713,-2.25,-12.67,-0.07
17:40:36:721,-2.30,-12.71,-0.44
17:40:36:754,-2.40,-12.71,-0.75
17:40:36:756,-2.50,-12.64,-1.06
17:40:36:760,-2.62,-12.53,-1.40
17:40:36:762,-2.73,-12.41,-1.78
17:40:36:770,-2.88,-12.29,-2.14
17:40:36:780,-3.03,-12.15,-2.46
17:40:36:790,-3.13,-11.96,-2.76
17:40:36:800,-3.23,-11.69,-3.03
17:40:36:838,-3.20,-11.35,-3.32
17:40:36:841,-3.06,-10.98,-3.58
17:40:36:844,-2.89,-10.61,-3.77
17:40:36:847,-2.70,-10.24,-3.94
17:40:36:850,-2.60,-9.89,-4.03
17:40:36:858,-2.59,-9.53,-4.11
17:40:36:867,-2.68,-9.17,-4.16
17:40:36:880,-2.83,-8.76,-4.11
17:40:36:887,-2.96,-8.28,-4.05
17:40:36:897,-3.06,-7.75,-3.93
17:40:36:906,-3.06,-7.22,-3.82
17:40:36:943,-3.02,-6.72,-3.64
17:40:36:947,-2.90,-6.25,-3.34
17:40:36:949,-2.77,-5.77,-2.99
17:40:36:952,-2.62,-5.26,-2.47
17:40:36:955,-2.48,-4.72,-1.91
17:40:36:965,-2.37,-4.18,-1.34
17:40:36:974,-2.22,-3.68,-0.79
17:40:36:984,-2.06,-3.19,-0.28
17:40:36:998,-1.86,-2.74,0.20
17:40:37:3,-1.66,-2.33,0.61
17:40:37:15,-1.46,-1.93,0.96
17:40:37:21,-1.27,-1.55,1.25
17:40:37:67,-1.09,-1.20,1.49
17:40:37:71,-0.89,-0.86,1.73
17:40:37:74,-0.69,-0.54,2.01
17:40:37:78,-0.41,-0.25,2.28
17:40:37:81,-0.03,0.03,2.53
17:40:37:141,0.43,0.29,2.74
17:40:37:142,0.95,0.55,2.90
17:40:37:144,1.45,0.77,3.00
17:40:37:147,1.86,0.91,3.02
17:40:37:149,2.16,0.98,2.93
17:40:37:152,2.34,0.99,2.74
17:40:37:153,2.38,0.98,2.45
17:40:37:155,2.31,0.99,2.09
17:40:37:167,2.16,1.03,1.66
17:40:37:169,1.97,1.05,1.17
17:40:37:183,1.78,1.02,0.65
17:40:37:186,1.54,0.95,0.13
17:40:37:223,1.28,0.83,-0.33
17:40:37:227,0.90,0.71,-0.70
17:40:37:229,0.42,0.61,-1.04
17:40:37:231,-0.11,0.51,-1.36
17:40:37:238,-0.60,0.42,-1.68
17:40:37:273,-0.93,0.33,-1.98
17:40:37:278,-1.10,0.29,-2.19
17:40:37:279,-1.10,0.34,-2.22
17:40:37:280,-1.08,0.44,-2.17
17:40:37:287,-1.09,0.57,-1.99
17:40:37:298,-1.05,0.66,-1.72
17:40:37:303,-1.02,0.71,-1.48
17:40:37:314,-0.99,0.77,-1.20
17:40:37:322,-1.02,0.82,-0.93
17:40:37:332,-1.15,0.89,-0.62
17:40:37:341,-1.37,0.98,-0.24
17:40:37:378,-1.55,1.08,0.18
17:40:37:382,-1.60,1.15,0.56
17:40:37:383,-1.54,1.21,0.91
17:40:37:385,-1.33,1.24,1.25
17:40:37:390,-1.13,1.23,1.61
17:40:37:400,-1.02,1.26,2.04
17:40:37:410,-1.00,1.32,2.46
17:40:37:420,-1.09,1.32,2.88
17:40:37:432,-4.87,-3.25,5.43
17:40:37:439,-7.76,-8.19,10.70
17:40:37:450,-8.33,-13.18,12.38
17:40:37:458,-3.55,-12.99,9.68
17:40:37:505,4.16,-4.20,7.84
17:40:37:512,9.05,5.30,1.52
17:40:37:515,10.96,12.16,-0.42
17:40:37:519,10.72,9.74,1.82
17:40:37:522,11.05,5.03,0.33
17:40:37:526,11.27,1.01,4.86
17:40:37:529,12.54,-1.57,7.95
17:40:37:538,9.42,-0.64,8.84
17:40:37:550,6.36,-1.85,9.85
17:40:37:556,5.38,-3.78,6.16
17:40:37:600,4.54,-4.25,3.31
17:40:37:605,7.00,-4.27,2.91
17:40:37:608,10.99,-5.88,3.12
17:40:37:614,14.96,-7.79,5.18
17:40:37:617,16.17,-5.38,6.84
17:40:37:621,13.35,-3.49,8.53
17:40:37:625,8.77,-0.38,9.23
17:40:37:634,4.01,2.36,9.01
17:40:37:643,1.39,0.93,10.64
17:40:37:654,1.05,0.36,11.72
17:40:37:701,1.27,0.50,13.39
17:40:37:705,1.99,0.88,14.49
17:40:37:708,3.00,0.93,13.42
17:40:37:712,3.58,1.07,12.40
17:40:37:715,4.00,1.31,11.37
17:40:37:718,4.03,1.69,10.28
17:40:37:721,3.79,1.92,9.73
17:40:37:730,3.47,1.96,9.52
17:40:37:740,2.94,1.92,9.64
17:40:37:772,2.40,1.84,9.78
17:40:37:775,2.11,1.90,9.70
17:40:37:779,2.02,1.98,9.44
17:40:37:781,2.00,2.08,8.95
17:40:37:788,2.06,2.19,8.23
17:40:37:798,1.91,2.18,7.48
17:40:37:807,1.70,2.11,6.82
17:40:37:818,1.52,2.08,6.21
17:40:37:827,1.40,2.03,5.72
17:40:37:837,1.32,2.04,5.28
17:40:37:878,1.26,2.05,4.85
17:40:37:882,1.32,2.07,4.40
17:40:37:886,1.39,2.13,3.93
17:40:37:890,1.41,2.20,3.44
17:40:37:893,1.32,2.22,2.95
17:40:37:896,1.22,2.21,2.48
17:40:37:912,1.11,2.12,2.06
17:40:37:916,1.03,2.01,1.70
17:40:37:924,1.07,1.98,1.25
17:40:37:934,1.06,1.97,0.86
17:40:37:944,1.04,1.95,0.47
17:40:37:980,1.07,1.93,0.06
17:40:37:983,1.05,1.87,-0.26
17:40:37:985,1.00,1.76,-0.52
17:40:37:987,0.95,1.64,-0.72
17:40:37:992,0.87,1.54,-0.82
17:40:38:2,0.83,1.43,-0.89
17:40:38:16,0.81,1.35,-0.94
17:40:38:22,0.77,1.29,-0.96
17:40:38:34,0.73,1.22,-0.98
17:40:38:41,0.70,1.15,-1.00
17:40:38:113,0.67,1.07,-1.02
17:40:38:115,0.64,1.00,-1.06
17:40:38:117,0.63,0.93,-1.12
17:40:38:120,0.60,0.88,-1.22
17:40:38:121,0.56,0.81,-1.33
17:40:38:123,0.52,0.73,-1.46
17:40:38:125,0.50,0.65,-1.56
17:40:38:126,0.48,0.56,-1.62
17:40:38:134,0.47,0.51,-1.67
17:40:38:138,0.46,0.46,-1.67
17:40:38:173,0.46,0.40,-1.68
17:40:38:176,0.43,0.35,-1.60
17:40:38:178,0.40,0.29,-1.51
17:40:38:212,0.37,0.25,-1.40
17:40:38:215,0.34,0.21,-1.31
17:40:38:217,0.32,0.16,-1.25
17:40:38:225,0.30,0.12,-1.21
17:40:38:235,0.27,0.08,-1.14
17:40:38:279,0.25,0.06,-1.04
17:40:38:281,0.24,0.02,-0.91
17:40:38:283,0.23,-0.00,-0.77
17:40:38:286,0.21,-0.02,-0.66
17:40:38:287,0.18,-0.06,-0.59
17:40:38:293,0.15,-0.09,-0.58
17:40:38:303,0.12,-0.12,-0.60
17:40:38:317,0.11,-0.15,-0.62
17:40:38:323,0.11,-0.16,-0.63
17:40:38:333,0.10,-0.16,-0.55
17:40:38:342,0.10,-0.15,-0.45
17:40:38:352,0.08,-0.15,-0.33
17:40:38:361,0.06,-0.16,-0.21
17:40:38:404,0.03,-0.17,-0.14
17:40:38:408,0.02,-0.17,-0.08
17:40:38:410,0.02,-0.18,-0.06
17:40:38:415,0.01,-0.18,-0.06
17:40:38:417,0.01,-0.19,-0.07
17:40:38:424,-0.01,-0.19,-0.09
17:40:38:435,-0.02,-0.19,-0.10
17:40:38:439,-0.03,-0.17,-0.09
17:40:38:451,-0.03,-0.16,-0.08
17:40:38:458,-0.03,-0.14,-0.04
17:40:38:503,-0.03,-0.13,0.02
17:40:38:506,-0.03,-0.12,0.07
17:40:38:509,-0.03,-0.11,0.11
17:40:38:510,-0.04,-0.12,0.15
17:40:38:515,-0.04,-0.11,0.15
17:40:38:518,-0.04,-0.11,0.13
17:40:38:527,-0.05,-0.11,0.14
17:40:38:536,-0.05,-0.10,0.15
17:40:38:551,-0.05,-0.08,0.18
17:40:38:556,-0.06,-0.06,0.21
17:40:38:568,-0.06,-0.06,0.21
17:40:38:575,-0.05,-0.06,0.18
17:40:38:619,-0.06,-0.07,0.14
17:40:38:622,-0.04,-0.08,0.08
17:40:38:624,-0.03,-0.06,0.03
17:40:38:626,-0.02,-0.06,0.00
17:40:38:630,-0.01,-0.04,-0.03
17:40:38:633,-0.02,-0.04,-0.05
17:40:38:643,-0.01,-0.04,-0.05
17:40:38:686,-0.03,-0.04,-0.05
17:40:38:689,-0.03,-0.03,-0.01
17:40:38:692,-0.02,-0.01,0.05
17:40:38:694,-0.02,0.00,0.11
17:40:38:698,-0.01,0.01,0.14
17:40:38:706,-0.00,0.02,0.14
17:40:38:713,-0.01,0.00,0.12
17:40:38:721,-0.01,0.00,0.09
17:40:38:733,-0.02,-0.00,0.06
17:40:38:740,-0.02,-0.01,0.03
17:40:38:750,-0.01,-0.00,0.02
17:40:38:759,-0.01,0.00,0.01
17:40:38:800,-0.00,0.01,0.01
17:40:38:803,-0.00,0.02,0.02
17:40:38:805,0.00,0.02,0.02
17:40:38:807,0.00,0.02,0.04
17:40:38:809,0.00,0.02,0.05
17:40:38:818,0.00,0.01,0.03
17:40:38:827,0.00,0.01,0.02
17:40:38:837,0.01,0.01,-0.01
17:40:38:883,0.01,0.02,-0.03
17:40:38:887,0.02,0.02,-0.02
17:40:38:889,0.02,0.02,0.00
17:40:38:891,0.02,0.02,0.02
17:40:38:905,0.01,0.01,0.01
17:40:38:919,0.01,0.01,-0.01
17:40:38:925,0.01,-0.01,-0.02
17:40:38:944,0.02,0.01,0.00
17:40:38:999,0.03,0.01,0.02
17:40:39:2,0.03,0.02,0.04
17:40:39:4,0.02,0.02,0.05
17:40:39:6,0.01,0.01,0.02
17:40:39:9,-0.01,0.00,-0.03
17:40:39:10,-0.01,-0.00,-0.07
17:40:39:13,-0.00,0.01,-0.08
17:40:39:22,-0.00,-0.00,-0.05
17:40:39:34,0.00,0.01,0.02
17:40:39:41,0.00,0.01,0.09
17:40:39:51,0.00,0.01,0.12
17:40:39:60,-0.01,0.02,0.12
17:40:39:165,-0.01,0.01,0.09
17:40:39:167,-0.01,-0.00,0.02
17:40:39:169,-0.02,-0.01,-0.05
17:40:39:170,-0.01,-0.01,-0.11
17:40:39:171,-0.02,-0.02,-0.12
17:40:39:173,-0.02,-0.01,-0.11
17:40:39:174,-0.02,0.00,-0.09
17:40:39:175,-0.02,0.00,-0.01
17:40:39:177,-0.01,0.00,0.06
17:40:39:179,-0.01,0.00,0.13
17:40:39:180,-0.00,0.01,0.19
17:40:39:182,-0.01,0.00,0.17
17:40:39:213,-0.02,0.00,0.11
17:40:39:216,-0.04,-0.01,0.01
17:40:39:217,-0.04,-0.03,-0.07
17:40:39:219,-0.03,-0.03,-0.07
17:40:39:225,-0.02,-0.02,-0.03
17:40:39:235,-0.00,-0.01,0.06
17:40:39:245,-0.00,0.00,0.09
17:40:39:275,-0.01,0.00,0.07
17:40:39:277,-0.02,0.00,0.06
17:40:39:278,-0.03,-0.01,0.01
17:40:39:286,-0.03,-0.02,-0.00
17:40:39:294,-0.02,-0.01,0.01
17:40:39:338,-0.02,0.00,0.02
17:40:39:342,-0.02,0.00,0.02
17:40:39:345,-0.02,0.00,0.01
17:40:39:348,-0.02,-0.01,0.02
17:40:39:362,-0.01,0.00,0.04
17:40:39:366,-0.00,0.01,0.06
17:40:39:371,-0.01,0.01,0.06
17:40:39:385,-0.00,0.01,0.06
17:40:39:391,-0.01,-0.00,0.04
17:40:39:425,-0.02,-0.01,0.01
17:40:39:427,-0.01,-0.01,0.00
17:40:39:429,-0.01,-0.00,-0.02
17:40:39:439,0.00,0.01,0.00
17:40:39:451,-0.01,0.01,0.01
17:40:39:459,-0.02,-0.00,0.04
17:40:39:468,-0.01,0.01,0.05
17:40:39:478,-0.02,0.01,0.05
17:40:39:509,-0.01,-0.00,0.03
17:40:39:511,-0.01,0.01,0.01
17:40:39:515,-0.01,-0.00,-0.02
17:40:39:517,-0.01,-0.00,-0.05
17:40:39:526,-0.01,0.01,-0.06
17:40:39:536,-0.01,0.01,-0.06
17:40:39:546,-0.00,0.02,-0.03
17:40:39:556,-0.00,0.01,0.01
17:40:39:590,-0.00,0.01,0.04
17:40:39:593,0.00,0.01,0.06
17:40:39:594,-0.01,0.01,0.07
17:40:39:596,-0.01,0.01,0.06
17:40:39:604,-0.03,-0.00,0.04
17:40:39:618,-0.03,-0.00,0.01
17:40:39:624,-0.04,-0.00,-0.02
17:40:39:634,-0.03,0.01,-0.03
17:40:39:643,-0.02,0.01,-0.02
17:40:39:653,-0.03,0.01,-0.00
17:40:39:662,-0.02,0.01,0.02
17:40:39:699,-0.02,0.01,0.04
17:40:39:702,-0.01,0.02,0.05
17:40:39:704,-0.00,0.01,0.05
17:40:39:705,0.00,-0.00,0.03
17:40:39:711,0.00,-0.00,0.01
17:40:39:721,-0.00,-0.01,-0.02
17:40:39:736,-0.00,-0.00,-0.03
17:40:39:740,-0.01,0.00,-0.01
17:40:39:751,-0.01,0.00,0.01
17:40:39:760,-0.01,0.01,0.04
17:40:39:770,-0.01,0.01,0.05
17:40:39:819,-0.01,0.01,0.04
17:40:39:822,-0.01,0.01,0.03
17:40:39:824,-0.00,0.00,0.03
17:40:39:826,0.00,-0.01,0.01
17:40:39:828,0.00,-0.02,-0.00
17:40:39:838,0.00,-0.02,-0.01
17:40:39:847,-0.01,-0.01,-0.01
17:40:39:857,-0.01,0.00,0.01
17:40:39:902,-0.02,0.01,0.03
17:40:39:906,-0.01,0.01,0.05
17:40:39:908,-0.02,0.01,0.05
17:40:39:910,-0.02,0.00,0.02
17:40:39:912,-0.02,0.00,-0.02
17:40:39:920,-0.03,0.00,-0.04
17:40:39:936,-0.03,0.01,-0.01
17:40:39:944,-0.03,0.00,0.01
17:40:39:955,-0.03,0.00,0.03
17:40:39:964,-0.02,0.00,0.04
17:40:40:22,-0.03,0.00,0.04
17:40:40:25,-0.03,0.00,0.04
17:40:40:29,-0.02,0.01,0.04
17:40:40:32,-0.03,0.01,0.04
17:40:40:34,-0.03,0.00,0.05
17:40:40:35,-0.03,0.01,0.06
17:40:40:37,-0.03,0.00,0.08
17:40:40:45,-0.03,0.00,0.09
17:40:40:53,-0.02,0.01,0.08
17:40:40:61,-0.02,0.01,0.06
17:40:40:93,-0.03,0.01,0.01
17:40:40:152,-0.03,-0.00,-0.03
17:40:40:153,-0.03,-0.00,-0.05
17:40:40:155,-0.02,-0.00,-0.05
17:40:40:156,-0.01,-0.00,-0.01
17:40:40:159,-0.01,0.01,0.03
17:40:40:160,-0.01,-0.00,0.04
17:40:40:162,-0.01,-0.00,0.03
17:40:40:163,-0.02,-0.00,-0.01
17:40:40:165,-0.02,-0.01,-0.04
17:40:40:171,-0.03,-0.00,-0.04
17:40:40:177,-0.03,0.01,-0.02
17:40:40:210,-0.03,0.01,0.02
17:40:40:212,-0.02,0.02,0.04
17:40:40:220,-0.02,-0.00,0.01
17:40:40:226,-0.01,-0.00,-0.01
17:40:40:236,-0.02,-0.00,-0.01
17:40:40:245,-0.02,-0.00,0.02
17:40:40:255,-0.01,0.01,0.06
17:40:40:292,-0.01,0.01,0.08
17:40:40:295,-0.01,0.01,0.10
17:40:40:297,-0.02,0.01,0.08
17:40:40:300,-0.03,-0.00,0.06
17:40:40:306,-0.03,-0.01,0.03
17:40:40:313,-0.04,-0.02,0.01
17:40:40:323,-0.03,-0.02,0.00
17:40:40:335,-0.02,-0.01,-0.01
17:40:40:343,-0.02,-0.00,0.00
17:40:40:353,-0.01,0.01,0.01
17:40:40:362,-0.01,-0.00,0.02
17:40:40:372,-0.01,-0.01,0.03
17:40:40:382,-0.00,-0.01,0.04
17:40:40:422,-0.00,-0.01,0.03
17:40:40:425,-0.01,-0.00,0.03
17:40:40:427,-0.01,0.01,0.03
17:40:40:430,-0.03,0.01,0.01
17:40:40:432,-0.03,-0.00,0.01
17:40:40:440,-0.02,-0.00,0.01
17:40:40:454,-0.02,-0.00,0.01
17:40:40:459,-0.01,-0.00,0.01
17:40:40:469,-0.01,0.01,0.01
17:40:40:479,-0.01,0.01,0.01
17:40:40:520,-0.01,0.01,0.00
17:40:40:523,-0.01,-0.00,-0.01
17:40:40:527,-0.00,0.01,0.01
17:40:40:537,-0.00,0.02,0.03
17:40:40:547,-0.01,0.02,0.03
17:40:40:557,-0.02,0.02,0.04
17:40:40:605,-0.03,0.01,0.03
17:40:40:608,-0.03,0.01,0.02
17:40:40:610,-0.02,0.01,0.01
17:40:40:612,-0.01,0.01,-0.01
17:40:40:613,0.00,0.01,-0.02
17:40:40:616,0.00,-0.00,-0.02
17:40:40:625,0.00,-0.00,-0.01
17:40:40:638,0.00,-0.00,-0.00
17:40:40:644,0.00,-0.00,0.01
17:40:40:654,0.00,0.01,-0.00
17:40:40:663,0.00,0.01,-0.01
17:40:40:705,0.00,0.01,-0.00
17:40:40:708,0.01,0.01,0.01
17:40:40:711,-0.00,-0.00,0.01
17:40:40:713,0.01,-0.01,0.02
17:40:40:716,0.01,-0.02,0.02
17:40:40:725,0.01,-0.02,0.00
17:40:40:732,0.02,-0.00,0.01
17:40:40:741,0.01,0.01,0.01
17:40:40:754,0.01,0.02,0.02
17:40:40:761,0.01,0.02,0.01
17:40:40:771,0.01,-0.00,-0.00
17:40:40:780,0.01,-0.01,-0.01
17:40:40:823,-0.00,-0.01,-0.00
17:40:40:826,-0.00,-0.01,0.01
17:40:40:828,-0.00,-0.00,0.02
17:40:40:830,-0.00,0.01,0.03
17:40:40:834,0.01,-0.00,0.02
17:40:40:841,0.01,-0.01,0.01
17:40:40:848,0.01,-0.01,-0.00
17:40:40:858,0.01,-0.01,-0.01
17:40:40:904,0.01,-0.01,0.00
17:40:40:907,0.02,-0.01,0.01
17:40:40:910,0.02,-0.00,0.00
17:40:40:916,0.01,-0.00,-0.01
17:40:40:926,-0.00,-0.00,0.00
17:40:40:939,-0.00,-0.00,0.00
17:40:40:945,-0.01,-0.00,-0.01
17:40:40:955,-0.02,0.01,-0.01
17:40:40:964,-0.01,0.01,-0.02
17:40:41:20,-0.01,0.01,-0.01
17:40:41:25,-0.01,0.01,0.01
17:40:41:29,0.00,0.01,0.02
17:40:41:35,0.00,0.01,0.02
17:40:41:40,0.00,-0.00,0.01
17:40:41:42,-0.01,-0.00,-0.00
17:40:41:44,-0.01,-0.00,-0.01
17:40:41:47,-0.01,-0.00,-0.00
17:40:41:57,-0.01,0.01,0.01
17:40:41:61,0.00,0.01,0.01
17:40:41:71,-0.01,0.01,0.01
17:40:41:81,-0.01,0.01,-0.00
17:40:41:112,-0.01,0.01,-0.00
17:40:41:170,-0.01,0.01,0.01
17:40:41:172,0.00,0.01,0.02
17:40:41:173,0.00,0.01,0.03
17:40:41:174,0.00,0.01,0.02
17:40:41:176,-0.01,0.01,0.02
17:40:41:178,-0.02,0.01,0.02
17:40:41:179,-0.03,0.01,0.03
17:40:41:181,-0.03,0.01,0.03
17:40:41:188,-0.02,0.01,0.02
17:40:41:197,-0.01,0.01,0.01
17:40:41:229,0.00,0.01,-0.00
17:40:41:232,0.00,0.01,-0.01
17:40:41:236,-0.01,0.01,-0.01
17:40:41:238,-0.02,-0.00,-0.00
17:40:41:246,-0.02,-0.00,0.01
17:40:41:256,-0.02,-0.00,0.01
17:40:41:265,-0.01,-0.00,0.00
17:40:41:302,-0.01,0.01,-0.00
17:40:41:306,-0.01,0.01,-0.01
17:40:41:309,-0.01,0.01,-0.01
17:40:41:311,-0.01,0.01,0.00
17:40:41:314,-0.00,0.01,0.01
17:40:41:324,-0.01,-0.00,0.01
17:40:41:338,-0.01,-0.00,0.02
17:40:41:343,-0.01,-0.01,0.02
17:40:41:353,-0.02,-0.02,0.01
17:40:41:362,-0.01,-0.01,0.00
17:40:41:372,-0.01,-0.01,-0.01
17:40:41:382,-0.01,-0.01,-0.02
17:40:41:411,-0.00,0.00,-0.02
17:40:41:413,-0.00,-0.01,-0.02
17:40:41:415,-0.00,-0.01,-0.01
17:40:41:421,0.01,-0.01,-0.01
17:40:41:430,0.01,-0.02,0.00
17:40:41:440,-0.00,-0.01,-0.00
17:40:41:450,-0.01,-0.01,-0.00
17:40:41:460,-0.02,-0.01,0.01
17:40:41:506,-0.03,0.00,0.01
17:40:41:509,-0.03,0.00,0.02
17:40:41:511,-0.03,0.00,0.02
17:40:41:513,-0.02,0.00,0.01
17:40:41:522,-0.01,0.00,-0.00
17:40:41:528,0.00,-0.01,-0.01
17:40:41:539,0.01,-0.01,-0.01
17:40:41:547,0.01,-0.01,0.01
17:40:41:557,0.01,-0.01,0.02
17:40:41:567,0.00,-0.01,0.04
17:40:41:610,-0.01,-0.01,0.03
17:40:41:613,-0.01,-0.01,0.03
17:40:41:616,-0.01,0.00,0.02
17:40:41:618,-0.02,0.00,0.02
17:40:41:626,-0.02,-0.01,0.02
17:40:41:640,-0.02,-0.00,0.01
17:40:41:644,-0.02,-0.01,-0.00
17:40:41:656,-0.01,-0.02,-0.01
17:40:41:664,-0.00,-0.01,-0.02
17:40:41:674,-0.00,-0.01,-0.01
17:40:41:683,-0.00,-0.00,-0.00
17:40:41:724,-0.00,0.01,0.01
17:40:41:728,-0.00,0.01,0.02
17:40:41:730,-0.00,0.01,0.01
17:40:41:732,-0.00,0.01,0.00
17:40:41:735,-0.00,-0.00,-0.00
17:40:41:742,-0.01,-0.00,-0.01
17:40:41:756,-0.01,-0.00,0.01
17:40:41:761,-0.01,-0.00,0.02
17:40:41:772,-0.02,0.01,0.03
17:40:41:822,-0.02,-0.00,0.01
17:40:41:825,-0.02,-0.00,-0.01
17:40:41:827,-0.02,-0.00,-0.02
17:40:41:829,-0.02,0.01,-0.01
17:40:41:839,-0.02,-0.00,0.01
17:40:41:848,-0.02,-0.00,0.03
17:40:41:859,-0.02,-0.00,0.04
17:40:41:868,-0.01,-0.00,0.04
17:40:41:909,-0.01,0.01,0.02
17:40:41:912,-0.01,-0.00,-0.01
17:40:41:914,-0.01,-0.00,-0.03
17:40:41:916,-0.01,-0.00,-0.03
17:40:41:922,-0.00,-0.00,-0.01
17:40:41:930,0.01,0.01,0.02
17:40:41:941,0.02,0.01,0.04
17:40:41:946,0.02,-0.00,0.05
17:40:41:956,0.01,-0.00,0.05
17:40:41:965,-0.00,-0.00,0.04
17:40:41:975,-0.01,-0.00,0.02
17:40:41:984,-0.01,0.01,-0.00
17:40:42:41,-0.02,0.01,-0.01
17:40:42:44,-0.02,0.01,-0.00
17:40:42:46,-0.02,0.01,0.02
17:40:42:48,-0.01,-0.00,0.03
17:40:42:50,0.00,-0.00,0.02
17:40:42:55,0.00,-0.00,0.01
17:40:42:57,0.00,-0.00,0.00
17:40:42:65,-0.01,0.01,0.00
17:40:42:73,-0.01,-0.00,0.00
17:40:42:81,-0.01,-0.01,0.00
17:40:42:145,-0.01,-0.01,0.00
17:40:42:148,-0.01,-0.02,0.00
17:40:42:150,0.00,-0.01,0.00
17:40:42:225,0.00,-0.00,0.01
17:40:42:227,0.01,-0.01,0.01
17:40:42:229,0.01,-0.00,0.01
17:40:42:231,0.00,-0.01,0.02
17:40:42:233,0.00,-0.01,0.01
17:40:42:235,-0.01,-0.00,0.01
17:40:42:239,0.00,-0.00,0.02
17:40:42:241,0.00,0.01,0.01
17:40:42:242,0.00,0.01,0.01
17:40:42:243,-0.01,0.01,-0.00
17:40:42:245,0.00,0.01,-0.00
17:40:42:246,0.00,0.01,0.01
17:40:42:256,0.00,0.01,0.01
17:40:42:296,-0.01,0.01,0.01
17:40:42:299,-0.02,0.01,-0.00
17:40:42:300,-0.02,0.01,-0.00
17:40:42:314,-0.02,-0.00,0.01
17:40:42:346,-0.02,-0.00,0.00
17:40:42:348,-0.01,-0.00,0.01
17:40:42:350,-0.01,-0.00,0.01
17:40:42:357,-0.01,0.01,0.00
17:40:42:373,-0.01,-0.00,-0.02
17:40:42:382,-0.01,-0.00,-0.01
17:40:42:392,-0.00,-0.00,-0.01
17:40:42:402,-0.00,-0.00,0.00
17:40:42:432,-0.00,0.01,0.02
17:40:42:434,-0.00,0.02,0.02
17:40:42:441,-0.01,0.01,0.02
17:40:42:451,-0.01,0.01,0.01
17:40:42:460,-0.01,-0.00,0.00
17:40:42:473,-0.01,-0.00,0.01
17:40:42:479,-0.00,0.01,0.01
17:40:42:517,-0.01,0.01,0.02
17:40:42:521,-0.01,0.01,0.03
17:40:42:523,-0.01,0.01,0.02
17:40:42:528,-0.00,-0.00,0.02
17:40:42:539,-0.00,-0.00,0.02
17:40:42:547,-0.00,-0.00,0.03
17:40:42:557,-0.01,-0.01,0.02
17:40:42:567,-0.01,0.00,0.02
17:40:42:577,-0.02,0.00,0.01
17:40:42:626,-0.03,-0.01,-0.00
17:40:42:629,-0.02,-0.02,-0.00
17:40:42:631,-0.03,-0.02,-0.01
17:40:42:632,-0.02,-0.02,-0.01
17:40:42:635,-0.02,-0.02,-0.00
17:40:42:639,-0.01,0.00,-0.00
17:40:42:647,-0.01,0.00,0.01
17:40:42:658,-0.01,0.00,0.02
17:40:42:664,0.00,0.00,0.01
17:40:42:674,-0.01,-0.01,0.00
17:40:42:683,0.00,-0.01,0.00
17:40:42:695,0.00,-0.02,0.00
17:40:42:742,0.00,-0.01,0.00
17:40:42:745,-0.00,-0.01,0.01
17:40:42:747,-0.00,-0.01,0.01
17:40:42:749,-0.01,0.00,0.00
17:40:42:751,-0.01,0.00,0.01
17:40:42:753,-0.01,-0.01,0.00
17:40:42:761,-0.01,-0.01,-0.01
17:40:42:807,-0.02,-0.01,-0.01
17:40:42:811,-0.02,-0.01,-0.00
17:40:42:813,-0.03,-0.01,0.01
17:40:42:814,-0.03,-0.01,0.02
17:40:42:824,-0.02,-0.01,0.02
17:40:42:829,-0.02,-0.00,0.02
17:40:42:841,-0.02,-0.00,0.01
17:40:42:858,-0.03,0.01,0.01
17:40:42:868,-0.03,-0.00,0.01
17:40:42:878,-0.03,-0.00,0.02
17:40:42:933,-0.03,-0.01,0.02
17:40:42:937,-0.02,-0.01,0.02
17:40:42:940,-0.02,-0.00,0.02
17:40:42:943,-0.02,-0.00,0.02
17:40:42:945,-0.02,-0.00,0.02
17:40:42:948,-0.02,-0.00,0.02
17:40:42:965,-0.01,-0.00,0.02
17:40:43:27,-0.02,-0.00,0.02
17:40:43:30,-0.01,-0.01,0.03
17:40:43:32,-0.00,-0.02,0.03
17:40:43:34,-0.00,-0.02,0.02
17:40:43:37,0.01,-0.02,0.03
17:40:43:39,0.00,-0.01,0.02
17:40:43:42,0.00,-0.00,0.02
17:40:43:44,0.00,-0.00,0.01
17:40:43:53,-0.01,-0.01,0.00
17:40:43:62,0.00,-0.01,0.00
17:40:43:73,0.01,-0.01,0.01
17:40:43:81,0.02,0.00,0.02
17:40:43:91,0.03,0.01,0.02
17:40:43:101,0.02,0.00,0.01
17:40:43:153,0.02,0.00,-0.00
17:40:43:157,0.01,0.00,-0.00
17:40:43:160,0.02,0.00,0.01
17:40:43:161,0.01,0.00,0.01
17:40:43:162,0.01,0.00,0.01
17:40:43:169,-0.00,-0.01,0.00
17:40:43:178,-0.01,0.00,0.01
17:40:43:215,-0.00,0.00,0.01
17:40:43:217,-0.00,0.00,0.00
17:40:43:273,-0.00,0.01,0.00
17:40:43:275,-0.00,0.01,-0.02
17:40:43:276,-0.00,0.01,-0.01
17:40:43:278,0.01,0.01,-0.01
17:40:43:280,0.01,0.01,0.00
17:40:43:281,-0.00,0.00,0.00
17:40:43:283,-0.00,0.00,-0.00
17:40:43:289,-0.01,0.00,-0.00
17:40:43:295,-0.01,0.00,-0.00
17:40:43:308,-0.00,0.01,-0.00
17:40:43:314,-0.00,0.01,-0.01
17:40:43:352,-0.00,0.01,-0.01
17:40:43:354,0.01,0.01,-0.02
17:40:43:357,-0.00,0.01,-0.02
17:40:43:358,0.01,0.00,-0.01
17:40:43:363,0.02,0.00,-0.00
17:40:43:374,0.01,-0.01,0.01
17:40:43:393,-0.00,0.00,0.01
17:40:43:402,-0.01,-0.01,0.01
17:40:43:445,-0.02,0.00,0.01
17:40:43:448,-0.01,0.00,0.01
17:40:43:451,-0.01,0.01,-0.00
17:40:43:453,-0.00,0.01,0.00
17:40:43:462,-0.00,-0.00,0.01
17:40:43:470,0.00,-0.01,0.01
17:40:43:524,-0.00,-0.01,0.02
17:40:43:528,-0.01,-0.00,0.01
17:40:43:530,-0.02,-0.00,0.01
17:40:43:532,-0.02,-0.00,0.00
17:40:43:542,-0.02,-0.01,-0.01
17:40:43:548,-0.02,-0.00,-0.01
17:40:43:560,-0.02,-0.01,-0.01
17:40:43:577,-0.00,-0.00,0.00
17:40:43:587,-0.00,-0.00,-0.00
17:40:43:639,-0.00,-0.00,0.00
17:40:43:643,-0.00,-0.00,0.01
17:40:43:646,-0.01,-0.00,0.02
17:40:43:648,-0.00,-0.00,0.02
17:40:43:651,-0.00,0.01,0.02
17:40:43:654,0.01,-0.00,0.02
17:40:43:657,0.02,-0.01,0.01
17:40:43:666,0.02,-0.00,0.01
17:40:43:677,0.02,-0.01,0.02
17:40:43:684,0.01,-0.00,0.01
17:40:43:693,-0.01,-0.00,0.01
17:40:43:703,-0.02,-0.01,0.01
17:40:43:755,-0.03,-0.00,-0.01
17:40:43:760,-0.02,0.01,-0.01
17:40:43:763,-0.02,0.02,-0.01
17:40:43:765,-0.01,0.02,0.01
17:40:43:768,-0.01,0.02,0.01
17:40:43:771,-0.01,0.02,0.02
17:40:43:781,-0.01,0.02,0.02
17:40:43:814,-0.00,0.02,0.01
17:40:43:816,-0.00,0.01,-0.00
17:40:43:819,0.01,0.00,-0.00
17:40:43:829,0.02,0.00,-0.00
17:40:43:849,0.02,0.01,-0.01
17:40:43:858,0.01,0.00,-0.01
17:40:43:868,-0.01,0.00,0.00
17:40:43:888,-0.01,0.00,0.00
17:40:43:920,-0.01,0.01,0.00
17:40:43:924,-0.00,-0.00,-0.02
17:40:43:926,-0.00,-0.00,-0.02
17:40:43:928,-0.00,-0.00,-0.02
17:40:43:936,0.01,-0.00,-0.01
17:40:43:945,0.01,0.01,0.01
17:40:43:959,-0.01,-0.03,-0.01
17:40:43:965,-0.02,-0.05,-0.02
17:40:43:975,-0.02,-0.06,-0.03
17:40:43:984,-0.03,-0.06,-0.05
17:40:43:994,-0.02,-0.03,-0.02
17:40:44:4,-0.00,-0.00,0.00
17:40:44:44,-0.03,-0.01,0.00
17:40:44:46,-0.06,-0.11,-0.02
17:40:44:49,-0.10,-0.27,-0.09
17:40:44:50,-0.10,-0.43,-0.24
17:40:44:53,-0.08,-0.59,-0.34
17:40:44:63,-0.04,-0.60,-0.39
17:40:44:79,-0.02,-0.31,-0.36
17:40:44:83,-0.06,0.11,-0.10
17:40:44:93,-0.14,0.62,0.23
17:40:44:101,-0.16,0.93,0.60
17:40:44:143,-0.12,0.84,0.86
17:40:44:146,-0.19,0.54,0.78
17:40:44:150,-0.25,0.13,0.51
17:40:44:152,-0.34,-0.17,0.25
17:40:44:158,-0.39,-0.34,0.13
17:40:44:160,-0.33,-0.55,0.21
17:40:44:169,-0.32,-0.84,0.25
17:40:44:179,-0.32,-1.13,0.21
17:40:44:189,-0.31,-1.30,0.11
17:40:44:234,-0.28,-1.39,0.05
17:40:44:239,-0.16,-1.21,0.26
17:40:44:242,0.02,-0.91,0.65
17:40:44:245,0.09,-0.66,1.06
17:40:44:248,0.10,-0.35,1.44
17:40:44:251,0.10,-0.20,1.72
17:40:44:259,0.14,-0.09,1.70
17:40:44:266,0.20,-0.15,1.53
17:40:44:369,0.17,-0.47,1.38
17:40:44:371,0.08,-0.91,1.15
17:40:44:373,-0.13,-1.41,1.02
17:40:44:375,-0.38,-1.71,1.03
17:40:44:377,-0.51,-1.64,0.90
17:40:44:379,-0.70,-1.23,0.73
17:40:44:381,-1.00,-0.63,0.64
17:40:44:383,-1.22,0.06,0.59
17:40:44:385,-1.25,0.62,0.82
17:40:44:387,-0.80,1.18,1.16
17:40:44:389,0.01,1.62,1.36
17:40:44:391,0.83,1.71,1.21
17:40:44:393,1.37,1.34,0.75
17:40:44:402,1.46,0.43,0.10
17:40:44:434,1.18,-0.74,-0.67
17:40:44:437,0.92,-1.84,-1.35
17:40:44:441,0.89,-2.54,-2.04
17:40:44:443,1.08,-2.85,-2.55
17:40:44:451,1.53,-2.98,-2.81
17:40:44:461,2.04,-2.96,-2.84
17:40:44:470,2.60,-3.00,-2.71
17:40:44:480,3.25,-3.03,-2.73
17:40:44:494,3.87,-3.15,-3.03
17:40:44:499,4.27,-3.39,-3.48
17:40:44:511,4.56,-3.44,-3.88
17:40:44:518,4.56,-3.46,-4.11
17:40:44:550,4.56,-3.06,-4.09
17:40:44:553,4.81,-2.10,-3.82
17:40:44:555,4.69,-1.04,-3.77
17:40:44:559,4.34,-0.19,-3.77
17:40:44:567,3.45,0.04,-4.07
17:40:44:577,2.24,-0.36,-4.47
17:40:44:586,1.24,-1.02,-4.77
17:40:44:596,0.68,-1.47,-4.89
17:40:44:606,0.73,-1.36,-4.68
17:40:44:636,1.12,-0.73,-4.29
17:40:44:641,1.58,0.03,-4.62
17:40:44:643,1.94,0.61,-4.71
17:40:44:646,1.83,0.42,-5.03
17:40:44:655,1.60,-0.27,-5.52
17:40:44:664,1.56,-0.88,-4.76
17:40:44:677,1.38,-1.23,-4.51
17:40:44:683,1.31,-1.04,-4.04
17:40:44:695,1.09,-0.56,-3.39
17:40:44:703,0.61,-0.09,-3.17
17:40:44:715,0.28,0.11,-3.02
17:40:44:723,0.04,0.15,-3.08
17:40:44:768,-0.11,0.19,-3.45
17:40:44:771,0.05,0.00,-4.26
17:40:44:775,-0.49,-0.44,-4.25
17:40:44:777,-0.54,-0.51,-4.44
17:40:44:779,0.13,-0.28,-4.05
17:40:44:781,0.89,-0.13,-3.47
17:40:44:816,2.44,0.28,-3.44
17:40:44:820,3.81,0.79,-2.67
17:40:44:823,4.13,1.15,-2.73
17:40:44:826,3.54,1.01,-2.87
17:40:44:833,2.41,0.78,-3.17
17:40:44:839,1.27,0.17,-3.91
17:40:44:849,0.75,-0.49,-4.22
17:40:44:861,0.93,-0.47,-4.24
17:40:44:868,1.45,-0.22,-4.14
17:40:44:878,1.61,0.04,-4.10
17:40:44:887,1.42,0.01,-4.12
17:40:44:897,1.18,-0.11,-4.22
17:40:44:936,0.98,-0.15,-4.26
17:40:44:939,0.82,-0.13,-4.19
17:40:44:942,0.74,0.00,-4.18
17:40:44:944,0.61,0.34,-4.14
17:40:44:946,0.50,0.74,-4.26
17:40:44:955,0.39,1.15,-4.38
17:40:44:965,0.21,1.51,-4.45
17:40:44:977,0.04,1.59,-4.42
17:40:44:984,-0.06,1.58,-4.32
17:40:44:994,-0.10,1.56,-4.22
17:40:45:4,-0.15,1.50,-4.10
17:40:45:14,-0.25,1.47,-4.02
17:40:45:51,-0.35,1.44,-3.91
17:40:45:54,-0.37,1.36,-3.79
17:40:45:58,-0.39,1.42,-3.73
17:40:45:60,-0.46,1.64,-3.76
17:40:45:63,-0.62,1.89,-3.87
17:40:45:72,-0.78,2.13,-4.02
17:40:45:82,-0.83,2.34,-4.12
17:40:45:95,-0.92,2.50,-4.20
17:40:45:101,-1.15,2.59,-4.23
17:40:45:112,-1.43,2.60,-4.24
17:40:45:121,-1.67,2.49,-4.17
17:40:45:162,-1.73,2.28,-4.01
17:40:45:165,-1.65,2.12,-3.81
17:40:45:167,-1.57,2.04,-3.63
17:40:45:170,-1.71,2.03,-3.64
17:40:45:172,-1.85,2.20,-3.67
17:40:45:184,-1.87,2.41,-3.68
17:40:45:189,-1.95,2.62,-3.64
17:40:45:199,-1.97,2.86,-3.46
17:40:45:242,-2.18,3.01,-3.39
17:40:45:245,-2.53,3.08,-3.39
17:40:45:247,-2.69,3.10,-3.32
17:40:45:250,-2.72,3.01,-3.25
17:40:45:321,-2.45,2.95,-3.03
17:40:45:322,-2.49,2.66,-2.86
17:40:45:325,-2.52,2.35,-2.67
17:40:45:327,-2.35,2.18,-2.51
17:40:45:329,-2.39,1.91,-2.46
17:40:45:330,-2.22,1.91,-2.38
17:40:45:332,-2.13,2.05,-2.39
17:40:45:334,-2.23,2.17,-2.35
17:40:45:336,-2.20,2.41,-2.24
17:40:45:338,-2.30,2.59,-2.18
17:40:45:347,-2.32,2.74,-2.04
17:40:45:353,-2.35,2.75,-1.97
17:40:45:363,-2.35,2.68,-1.90
17:40:45:373,-2.04,2.73,-0.80
17:40:45:404,-2.18,2.15,0.21
17:40:45:407,-2.22,2.05,1.07
17:40:45:409,-2.44,1.95,2.17
17:40:45:416,-2.74,2.00,1.75
17:40:45:421,-2.67,2.80,1.26
17:40:45:452,-2.50,3.13,0.88
17:40:45:454,-2.13,3.48,0.07
17:40:45:456,-1.67,3.55,-0.39
17:40:45:463,-1.22,3.40,-0.96
17:40:45:470,0.01,3.04,-1.34
17:40:45:480,0.59,2.13,-1.81
17:40:45:489,1.43,1.09,-1.76
17:40:45:499,1.87,0.34,-1.86
17:40:45:512,1.24,0.11,-1.36
17:40:45:519,1.00,0.66,0.11
17:40:45:555,0.33,1.48,0.93
17:40:45:559,0.13,2.03,1.86
17:40:45:561,-0.02,2.28,2.20
17:40:45:562,0.00,2.13,1.78
17:40:45:569,0.21,1.85,1.54
17:40:45:580,0.48,1.62,1.46
17:40:45:587,0.88,1.55,1.09
17:40:45:596,1.23,1.68,0.40
17:40:45:606,1.18,1.54,-0.22
17:40:45:616,1.30,1.54,-0.60
17:40:45:653,1.41,1.34,-1.06
17:40:45:655,1.14,1.00,-1.07
17:40:45:657,1.33,0.97,-0.77
17:40:45:660,1.35,0.67,-0.60
17:40:45:668,1.44,0.38,-0.06
17:40:45:674,1.99,0.20,0.37
17:40:45:684,2.31,0.02,0.52
17:40:45:695,2.26,0.03,0.65
17:40:45:703,1.77,0.15,0.69
17:40:45:713,1.07,0.31,0.67
17:40:45:722,0.54,0.42,0.53
17:40:45:753,0.20,0.40,0.18
17:40:45:755,0.17,0.34,-0.40
17:40:45:757,0.57,0.49,-0.81
17:40:45:766,0.97,0.77,-0.96
17:40:45:771,1.33,1.11,-0.89
17:40:45:781,1.67,1.41,-0.67
17:40:45:791,1.89,1.36,-0.46
17:40:45:800,2.08,1.12,-0.27
17:40:45:813,2.23,0.90,-0.01
17:40:45:820,2.34,0.75,0.41
17:40:45:858,2.23,0.70,0.77
17:40:45:861,1.95,0.72,1.21
17:40:45:864,1.53,0.82,1.63
17:40:45:866,1.12,0.86,1.89
17:40:45:869,0.87,0.81,2.21
17:40:45:879,0.96,0.60,2.89
17:40:45:887,0.99,0.30,3.35
17:40:45:898,1.01,0.16,3.81
17:40:45:907,0.92,0.23,4.19
17:40:45:917,0.84,0.40,4.05
17:40:45:965,1.00,0.53,3.90
17:40:45:969,0.99,0.61,3.84
17:40:45:971,0.55,0.56,3.71
17:40:45:976,-0.43,0.50,3.57
17:40:45:979,-1.42,0.45,3.49
17:40:45:982,-1.98,0.62,3.27
17:40:45:985,-1.96,1.00,3.29
17:40:45:995,-1.63,1.44,3.16
17:40:46:4,-1.49,1.77,3.52
17:40:46:16,-1.70,1.64,3.79
17:40:46:24,-2.06,1.38,3.61
17:40:46:38,-2.34,1.18,3.75
17:40:46:48,-2.29,1.08,3.51
17:40:46:53,-2.21,1.11,2.80
17:40:46:103,-2.21,1.12,2.32
17:40:46:107,-2.26,1.15,1.83
17:40:46:113,-2.43,1.29,1.45
17:40:46:116,-2.75,1.41,1.75
17:40:46:119,-3.21,1.33,2.15
17:40:46:123,-3.76,1.13,2.34
17:40:46:127,-4.14,0.88,2.52
17:40:46:136,-4.06,0.82,2.86
17:40:46:140,-3.63,1.11,3.17
17:40:46:185,-3.06,1.66,3.33
17:40:46:187,-2.59,2.24,2.79
17:40:46:190,-2.36,2.56,1.59
17:40:46:192,-2.27,2.49,0.48
17:40:46:195,-2.15,2.17,-0.41
17:40:46:203,-1.73,1.84,-0.84
17:40:46:208,-0.83,1.67,-0.99
17:40:46:286,-0.73,1.21,-0.97
17:40:46:289,-1.27,0.69,-1.07
17:40:46:291,-2.45,0.23,-1.44
17:40:46:292,-3.66,0.38,-1.76
17:40:46:294,-3.76,1.20,-2.37
17:40:46:297,-3.20,2.01,-2.94
17:40:46:300,-2.33,2.55,-3.21
17:40:46:302,-1.67,2.72,-3.57
17:40:46:304,-1.11,3.13,-3.96
17:40:46:309,-0.68,3.86,-4.25
17:40:46:320,-0.47,4.78,-4.34
17:40:46:326,-0.74,5.41,-4.10
17:40:46:359,-1.19,5.35,-3.74
17:40:46:363,-1.53,4.61,-3.43
17:40:46:365,-1.64,3.43,-3.31
17:40:46:367,-1.60,2.19,-3.45
17:40:46:373,-1.43,1.55,-3.51
17:40:46:405,-1.24,1.77,-3.43
17:40:46:408,-1.13,2.56,-3.26
17:40:46:410,-0.88,3.54,-2.93
17:40:46:413,-0.85,4.21,-2.59
17:40:46:422,-1.19,4.47,-2.03
17:40:46:455,-1.50,4.31,-1.28
17:40:46:459,-1.59,4.06,-0.98
17:40:46:462,-1.57,3.79,-0.77
17:40:46:464,-1.37,3.56,-0.70
17:40:46:470,-1.25,3.57,-0.61
17:40:46:481,-1.44,3.67,-0.01
17:40:46:489,-1.90,3.79,0.53
17:40:46:499,-2.62,3.76,0.84
17:40:46:509,-3.45,3.57,1.09
17:40:46:519,-4.55,3.15,1.01
17:40:46:530,-5.67,2.60,0.84
17:40:46:561,-6.41,2.25,0.86
17:40:46:564,-6.88,2.24,0.93
17:40:46:565,-7.06,2.45,1.25
17:40:46:568,-6.41,2.79,2.25
17:40:46:581,-5.72,3.03,3.14
17:40:46:587,-5.47,2.83,3.82
17:40:46:598,-5.24,2.41,4.42
17:40:46:606,-5.87,2.00,4.52
17:40:46:616,-6.74,1.81,4.78
17:40:46:626,-7.27,1.78,5.25
17:40:46:658,-7.71,1.85,5.86
17:40:46:662,-7.78,1.81,6.45
17:40:46:665,-7.69,1.35,6.61
17:40:46:667,-7.43,0.75,6.64
17:40:46:675,-7.12,0.39,6.30
17:40:46:684,-6.81,0.17,5.72
17:40:46:698,-6.57,0.17,5.32
17:40:46:704,-6.61,0.30,5.00
17:40:46:715,-6.68,0.05,5.13
17:40:46:723,-6.90,-0.23,5.52
17:40:46:733,-7.01,-0.43,5.59
17:40:46:743,-6.90,-0.52,5.29
17:40:46:783,-6.90,-0.55,5.04
17:40:46:786,-6.95,-0.55,4.76
17:40:46:788,-7.17,-0.62,4.86
17:40:46:791,-7.58,-0.86,5.13
17:40:46:794,-7.77,-1.40,5.23
17:40:46:803,-7.63,-1.93,5.32
17:40:46:816,-7.29,-2.48,5.22
17:40:46:820,-6.85,-2.92,5.09
17:40:46:862,-6.50,-2.80,4.92
17:40:46:867,-6.37,-2.59,4.73
17:40:46:870,-6.41,-2.37,4.71
17:40:46:873,-6.46,-2.15,4.83
17:40:46:876,-6.45,-1.92,4.91
17:40:46:880,-6.32,-1.86,5.02
17:40:46:890,-6.01,-1.86,5.13
17:40:46:900,-5.47,-1.98,5.28
17:40:46:908,-4.99,-2.35,5.19
17:40:46:918,-4.63,-2.55,5.02
17:40:46:927,-4.29,-2.53,4.87
17:40:46:937,-4.07,-2.28,4.70
17:40:46:999,-3.83,-1.94,4.75
17:40:47:2,-3.53,-1.67,4.76
17:40:47:5,-3.32,-1.56,4.67
17:40:47:7,-3.25,-1.55,4.49
17:40:47:9,-3.30,-1.49,4.24
17:40:47:16,-3.37,-1.47,4.07
17:40:47:19,-3.42,-1.43,3.97
17:40:47:22,-3.36,-1.49,3.88
17:40:47:34,-3.18,-1.69,3.84
17:40:47:37,-2.87,-1.94,3.79
17:40:47:45,-2.47,-2.21,3.66
17:40:47:53,-2.03,-2.41,3.47
17:40:47:66,-1.59,-2.49,3.29
17:40:47:73,-1.22,-2.46,3.12
17:40:47:108,-0.98,-2.34,3.01
17:40:47:112,-0.83,-2.16,2.94
17:40:47:114,-0.74,-2.01,2.87
17:40:47:116,-0.64,-1.91,2.78
17:40:47:124,-0.51,-1.87,2.71
17:40:47:159,-0.40,-1.85,2.69
17:40:47:164,-0.28,-1.87,2.71
17:40:47:165,-0.22,-1.99,2.66
17:40:47:167,-0.14,-2.17,2.50
17:40:47:170,-0.07,-2.41,2.27
17:40:47:181,0.05,-2.68,1.99
17:40:47:239,0.23,-2.85,1.72
17:40:47:240,0.48,-2.87,1.59
17:40:47:242,0.89,-2.99,1.55
17:40:47:244,1.05,-3.02,1.48
17:40:47:246,1.26,-3.00,1.54
17:40:47:248,1.39,-2.99,1.53
17:40:47:250,1.32,-3.01,1.47
17:40:47:257,1.43,-3.12,1.45
17:40:47:291,1.53,-3.12,1.38
17:40:47:293,1.67,-3.01,1.46
17:40:47:296,1.96,-2.59,1.52
17:40:47:298,2.14,-2.29,1.42
17:40:47:306,2.19,-2.32,1.53
17:40:47:316,2.24,-2.53,1.54
17:40:47:325,2.14,-2.89,1.59
17:40:47:334,2.06,-3.06,1.77
17:40:47:345,2.07,-3.06,1.84
17:40:47:376,1.99,-3.05,1.92
17:40:47:379,1.97,-2.93,1.95
17:40:47:383,2.06,-2.76,1.88
17:40:47:385,2.15,-2.57,1.56
17:40:47:393,2.42,-2.33,1.18
17:40:47:402,2.87,-2.00,0.92
17:40:47:417,3.41,-1.69,0.83
17:40:47:422,4.14,-1.35,0.90
17:40:47:433,4.82,-0.93,1.00
17:40:47:441,5.44,-0.81,1.04
17:40:47:451,5.95,-1.10,1.17
17:40:47:461,6.15,-1.37,1.34
17:40:47:497,6.68,-1.94,1.79
17:40:47:502,7.53,-2.77,3.73
17:40:47:505,8.79,-3.24,6.09
17:40:47:509,9.60,-3.65,7.56
17:40:47:513,10.00,-3.73,7.57
17:40:47:524,9.91,-3.24,5.53
17:40:47:535,9.11,-2.72,2.77
17:40:47:541,8.56,-2.01,1.00
17:40:47:574,7.84,-1.74,0.45
17:40:47:579,7.15,-1.69,0.53
17:40:47:581,6.70,-1.70,0.71
17:40:47:583,6.58,-1.99,0.61
17:40:47:590,6.45,-1.66,0.31
17:40:47:600,6.29,-1.10,-0.28
17:40:47:606,6.07,-0.43,-0.94
17:40:47:616,5.64,0.15,-1.49
17:40:47:626,5.18,0.37,-1.88
17:40:47:635,4.65,0.46,-2.01
17:40:47:674,4.14,0.43,-2.02
17:40:47:677,3.72,0.47,-1.97
17:40:47:680,3.38,0.42,-1.88
17:40:47:682,2.99,0.24,-1.76
17:40:47:684,2.53,0.02,-1.59
17:40:47:694,1.99,-0.13,-1.43
17:40:47:703,1.42,-0.11,-1.31
17:40:47:715,0.83,0.03,-1.20
17:40:47:723,0.28,0.39,-1.13
17:40:47:733,-0.15,0.88,-1.08
17:40:47:742,-0.43,1.44,-1.06
17:40:47:752,-0.49,2.02,-1.10
17:40:47:806,-0.42,2.29,-1.12
17:40:47:810,-0.35,2.50,-1.06
17:40:47:814,-0.34,2.56,-0.88
17:40:47:817,-0.37,2.53,-0.54
17:40:47:821,-0.36,2.71,-0.18
17:40:47:824,-0.29,2.81,0.04
17:40:47:827,-0.28,2.78,0.12
17:40:47:830,-0.32,2.68,-0.05
17:40:47:840,-0.42,2.50,-0.27
17:40:47:882,-0.64,2.16,-0.44
17:40:47:884,-0.83,1.89,-0.46
17:40:47:886,-0.88,1.72,-0.41
17:40:47:888,-0.67,1.75,-0.41
17:40:47:890,-0.50,1.89,-0.39
17:40:47:900,-0.43,2.06,-0.49
17:40:47:907,-0.72,2.24,-0.55
17:40:47:917,-1.40,2.16,-0.58
17:40:47:927,-1.99,2.00,-0.64
17:40:47:936,-2.43,1.85,-0.59
17:40:47:947,-2.69,1.73,-0.55
17:40:47:978,-2.81,1.75,-0.49
17:40:47:981,-2.86,1.84,-0.51
17:40:47:983,-2.90,2.08,-0.85
17:40:47:986,-2.79,2.32,-1.20
17:40:47:995,-2.43,2.55,-1.62
17:40:48:4,-2.39,2.71,-1.85
17:40:48:17,-2.52,2.68,-1.61
17:40:48:24,-2.70,2.52,-1.27
17:40:48:34,-3.00,2.32,-0.73
17:40:48:43,-3.03,2.21,-0.26
17:40:48:74,-2.92,2.14,0.03
17:40:48:77,-2.93,2.04,0.19
17:40:48:79,-2.96,1.84,0.27
17:40:48:82,-2.89,1.60,0.26
17:40:48:92,-2.63,1.41,0.14
17:40:48:102,-2.18,1.37,-0.02
17:40:48:111,-1.84,1.42,-0.19
17:40:48:121,-1.70,1.45,-0.28
17:40:48:133,-1.72,1.42,-0.26
17:40:48:140,-1.75,1.32,-0.17
17:40:48:184,-1.68,1.21,-0.04
17:40:48:239,-1.38,1.18,-0.02
17:40:48:241,-0.86,1.20,-0.08
17:40:48:243,-0.33,1.22,-0.17
17:40:48:244,0.08,1.12,-0.23
17:40:48:246,0.22,0.87,-0.15
17:40:48:248,0.14,0.50,0.02
17:40:48:250,0.04,0.09,0.12
17:40:48:251,0.03,-0.09,0.08
17:40:48:252,0.19,-0.01,-0.12
17:40:48:254,0.53,0.31,-0.46
17:40:48:262,0.98,0.73,-0.80
17:40:48:267,1.58,0.92,-1.00
17:40:48:276,2.09,0.85,-1.02
17:40:48:308,2.33,0.57,-0.85
17:40:48:311,2.28,0.12,-0.61
17:40:48:313,1.77,-0.05,-0.48
17:40:48:316,1.22,0.04,-0.50
17:40:48:325,0.63,0.31,-0.76
17:40:48:335,-0.06,0.89,-1.07
17:40:48:344,-0.28,1.28,-1.42
17:40:48:354,-0.52,1.59,-1.77
17:40:48:397,-0.41,1.77,-1.94
17:40:48:400,-0.03,1.62,-1.95
17:40:48:403,0.30,1.51,-1.75
17:40:48:405,0.86,1.21,-1.40
17:40:48:407,1.28,0.88,-0.98
17:40:48:412,1.66,0.53,-0.60
17:40:48:422,1.84,0.23,-0.34
17:40:48:435,1.80,0.14,-0.29
17:40:48:442,1.61,0.23,-0.50
17:40:48:451,1.24,0.53,-0.82
17:40:48:461,0.86,0.91,-1.09
17:40:48:499,0.59,1.27,-1.23
17:40:48:502,0.51,1.48,-1.13
17:40:48:504,0.69,1.44,-0.93
17:40:48:506,0.93,1.25,-0.71
17:40:48:509,1.07,0.86,-0.55
17:40:48:519,0.96,0.49,-0.55
17:40:48:529,0.72,0.34,-0.68
17:40:48:539,0.51,0.28,-0.99
17:40:48:581,0.40,0.44,-1.32
17:40:48:584,0.47,0.75,-1.57
17:40:48:587,0.62,1.07,-1.71
17:40:48:590,0.75,1.43,-1.69
17:40:48:591,0.80,1.70,-1.57
17:40:48:603,0.70,1.79,-1.42
17:40:48:607,0.44,1.74,-1.26
17:40:48:619,0.13,1.57,-1.19
17:40:48:626,-0.11,1.32,-1.33
17:40:48:636,-0.16,1.10,-1.60
17:40:48:645,-0.02,0.97,-1.92
17:40:48:655,0.07,0.89,-2.18
17:40:48:698,0.11,0.84,-2.31
17:40:48:701,0.03,0.82,-2.39
17:40:48:702,-0.24,0.86,-2.44
17:40:48:705,-0.51,1.00,-2.43
17:40:48:707,-0.80,1.20,-2.38
17:40:48:720,-1.02,1.39,-2.27
17:40:48:725,-1.11,1.51,-2.08
17:40:48:736,-1.05,1.48,-1.89
17:40:48:743,-0.87,1.43,-1.70
17:40:48:752,-0.68,1.36,-1.56
17:40:48:762,-0.45,1.26,-1.54
17:40:48:801,-0.25,1.10,-1.65
17:40:48:804,-0.17,0.84,-1.84
17:40:48:807,-0.20,0.54,-2.00
17:40:48:809,-0.35,0.39,-2.04
17:40:48:811,-0.73,0.24,-2.00
17:40:48:820,-1.19,0.13,-1.90
17:40:48:830,-1.50,0.19,-1.70
17:40:48:840,-1.77,0.21,-1.39
17:40:48:881,-1.85,0.24,-1.04
17:40:48:883,-1.93,0.36,-0.63
17:40:48:886,-2.08,0.32,-0.30
17:40:48:889,-2.13,0.14,-0.08
17:40:48:891,-2.05,-0.07,0.12
17:40:48:902,-1.61,-0.35,0.29
17:40:48:908,-0.84,-0.63,0.22
17:40:48:920,0.01,-0.25,0.03
17:40:48:927,0.27,-0.14,-0.10
17:40:48:937,-0.07,-0.59,0.05
17:40:48:947,-0.84,-0.43,0.69
17:40:48:956,-1.65,-0.89,1.30
17:40:49:13,-1.85,-0.87,1.75
17:40:49:18,-1.57,-0.23,1.78
17:40:49:20,-1.09,-0.28,1.32
17:40:49:22,-0.70,-0.33,0.88
17:40:49:24,-0.41,-0.58,0.52
17:40:49:26,-0.22,-0.81,0.41
17:40:49:28,-0.16,-0.91,0.59
17:40:49:36,-0.19,-0.79,0.94
17:40:49:44,-0.19,-0.38,1.24
17:40:49:53,-0.25,0.21,1.34
17:40:49:63,-0.27,0.82,1.21
17:40:49:95,-0.20,1.21,0.84
17:40:49:98,-0.08,1.39,0.41
17:40:49:100,-0.04,1.30,0.07
17:40:49:102,-0.11,1.08,-0.09
17:40:49:111,-0.11,0.90,-0.07
17:40:49:121,-0.03,0.75,-0.01
17:40:49:183,0.19,0.67,-0.03
17:40:49:185,0.61,0.69,-0.18
17:40:49:186,0.94,0.72,-0.37
17:40:49:189,1.06,0.64,-0.57
17:40:49:191,1.10,0.52,-0.72
17:40:49:193,1.00,0.38,-0.80
17:40:49:194,0.85,0.35,-0.91
17:40:49:202,0.77,0.40,-1.06
17:40:49:209,0.61,0.50,-1.27
17:40:49:244,0.46,0.59,-1.49
17:40:49:248,0.31,0.54,-1.58
17:40:49:251,0.05,0.47,-1.49
17:40:49:252,-0.04,0.25,-1.13
17:40:49:259,-0.13,0.01,-0.54
17:40:49:294,-0.14,-0.24,0.09
17:40:49:297,-0.10,-0.44,0.63
17:40:49:300,-0.13,-0.42,0.98
17:40:49:302,-0.11,-0.37,1.08
17:40:49:309,-0.20,-0.29,1.02
17:40:49:319,-0.32,-0.24,0.82
17:40:49:325,-0.45,-0.34,0.54
17:40:49:338,-0.66,-0.45,0.25
17:40:49:345,-0.84,-0.51,-0.00
17:40:49:355,-0.96,-0.56,-0.13
17:40:49:364,-1.05,-0.54,-0.19
17:40:49:419,-1.10,-0.54,-0.14
17:40:49:423,-1.13,-0.59,-0.04
17:40:49:426,-1.11,-0.67,0.08
17:40:49:428,-1.07,-0.74,0.17
17:40:49:430,-1.03,-0.76,0.19
17:40:49:433,-1.01,-0.71,0.13
17:40:49:436,-0.96,-0.63,-0.04
17:40:49:442,-0.91,-0.54,-0.23
17:40:49:453,-0.78,-0.40,-0.41
17:40:49:461,-0.57,-0.25,-0.53
17:40:49:471,-0.41,-0.16,-0.57
17:40:49:481,-0.29,-0.12,-0.60
17:40:49:512,-0.16,-0.14,-0.66
17:40:49:515,-0.09,-0.21,-0.78
17:40:49:518,-0.09,-0.26,-0.93
17:40:49:520,-0.08,-0.23,-1.11
17:40:49:529,-0.05,-0.19,-1.31
17:40:49:539,0.06,-0.12,-1.47
17:40:49:552,0.24,-0.06,-1.61
17:40:49:558,0.38,0.00,-1.63
17:40:49:570,0.45,0.01,-1.56
17:40:49:578,0.45,-0.09,-1.40
17:40:49:611,0.37,-0.13,-1.19
17:40:49:613,0.34,-0.07,-1.05
17:40:49:617,0.39,0.12,-1.00
17:40:49:619,0.46,0.48,-1.10
17:40:49:626,0.58,0.94,-1.30
17:40:49:637,0.70,1.35,-1.49
17:40:49:646,0.75,1.79,-1.63
17:40:49:656,0.78,2.25,-1.65
17:40:49:700,0.82,2.68,-1.55
17:40:49:703,0.81,3.08,-1.39
17:40:49:706,0.75,3.43,-1.18
17:40:49:708,0.61,3.69,-0.98
17:40:49:709,0.42,3.81,-0.84
17:40:49:714,0.23,3.88,-0.75
17:40:49:724,0.02,3.90,-0.70
17:40:49:737,-0.13,3.86,-0.65
17:40:49:743,-0.24,3.81,-0.59
17:40:49:753,-0.32,3.71,-0.44
17:40:49:762,-0.40,3.53,-0.24
17:40:49:772,-0.49,3.29,-0.04
17:40:49:782,-0.53,3.07,0.10
17:40:49:814,-0.57,2.86,0.13
17:40:49:817,-0.58,2.68,0.06
17:40:49:820,-0.52,2.53,-0.07
17:40:49:822,-0.46,2.35,-0.19
17:40:49:830,-0.43,2.12,-0.24
17:40:49:840,-0.41,1.84,-0.23
17:40:49:853,-0.34,1.56,-0.13
17:40:49:859,-0.26,1.34,-0.02
17:40:49:873,-0.11,1.11,0.10
17:40:49:879,0.07,0.85,0.22
17:40:49:922,0.15,0.51,0.33
17:40:49:925,0.07,0.03,0.26
17:40:49:927,0.02,-0.56,0.09
17:40:49:928,-0.46,-1.03,-0.14
17:40:49:930,-0.84,-1.27,-0.46
17:40:49:937,-1.14,-1.39,-0.64
17:40:49:947,-1.42,-1.32,-0.70
17:40:49:956,-1.26,-1.23,-0.65
17:40:49:994,-1.13,-1.26,-0.47
17:40:49:997,-0.92,-1.27,-0.18
17:40:49:999,-0.81,-1.30,0.11
17:40:50:1,-0.70,-1.55,0.44
17:40:50:9,-0.62,-1.87,0.77
17:40:50:15,-0.41,-2.18,1.11
17:40:50:24,-0.07,-2.52,1.48
17:40:50:37,0.33,-2.64,1.83
17:40:50:44,0.83,-2.77,2.19
17:40:50:54,1.23,-2.91,2.54
17:40:50:63,1.63,-3.05,2.91
17:40:50:95,1.98,-3.33,3.20
17:40:50:98,2.18,-3.56,3.38
17:40:50:104,2.20,-3.75,3.38
17:40:50:192,2.07,-3.86,3.17
17:40:50:194,1.91,-3.82,2.91
17:40:50:196,1.82,-3.75,2.75
17:40:50:198,1.95,-3.69,2.77
17:40:50:200,2.27,-3.66,2.98
17:40:50:202,2.64,-3.62,3.28
17:40:50:204,2.92,-3.53,3.49
17:40:50:206,2.97,-3.44,3.56
17:40:50:208,2.75,-3.37,3.46
17:40:50:210,2.43,-3.31,3.20
17:40:50:212,2.17,-3.26,2.90
17:40:50:214,2.00,-3.16,2.62
17:40:50:224,1.97,-2.99,2.39
17:40:50:228,1.96,-2.77,2.24
17:40:50:238,1.85,-2.57,2.08
17:40:50:248,1.69,-2.39,1.88
17:40:50:280,1.50,-2.28,1.63
17:40:50:282,1.33,-2.23,1.34
17:40:50:285,1.21,-2.12,1.11
17:40:50:287,1.11,-1.96,0.95
17:40:50:296,0.98,-1.75,0.87
17:40:50:328,0.82,-1.55,0.85
17:40:50:331,0.65,-1.36,0.81
17:40:50:334,0.48,-1.19,0.76
17:40:50:336,0.34,-1.02,0.66
17:40:50:345,0.20,-0.83,0.51
17:40:50:355,0.06,-0.64,0.32
17:40:50:364,-0.03,-0.44,0.12
17:40:50:374,-0.10,-0.25,-0.02
17:40:50:411,-0.15,-0.09,-0.04
17:40:50:414,-0.19,0.03,0.04
17:40:50:415,-0.22,0.16,0.21
17:40:50:418,-0.27,0.23,0.39
17:40:50:425,-0.14,-0.05,0.27
17:40:50:432,0.04,-0.44,-0.07
17:40:50:442,0.12,-0.65,-0.00
17:40:50:454,0.36,-1.00,-0.28
17:40:50:461,0.40,-0.90,-0.38
17:40:50:471,0.37,-0.50,-0.22
17:40:50:481,0.43,-0.16,-0.43
17:40:50:517,0.37,0.46,-0.15
17:40:50:520,0.33,1.03,0.36
17:40:50:522,0.29,1.50,0.80
17:40:50:524,0.14,1.90,1.03
17:40:50:529,-0.10,2.24,0.98
17:40:50:539,-0.34,2.42,0.66
17:40:50:549,-0.64,2.45,0.17
17:40:50:559,-0.87,2.34,-0.41
17:40:50:608,-0.87,2.08,-0.69
17:40:50:611,-0.94,1.75,-0.79
17:40:50:614,-0.95,1.49,-0.82
17:40:50:618,-1.03,1.26,-0.90
17:40:50:621,-1.32,1.28,-0.86
17:40:50:624,-1.52,1.51,-1.17
17:40:50:627,-1.73,1.68,-1.36
17:40:50:637,-1.83,1.94,-1.24
17:40:50:646,-1.79,2.18,-1.35
17:40:50:658,-1.68,2.33,-1.25
17:40:50:666,-1.56,2.53,-1.28
17:40:50:676,-1.71,2.40,-1.51
17:40:50:727,-2.08,1.82,-2.08
17:40:50:730,-2.36,1.52,-2.40
17:40:50:734,-2.46,1.39,-2.47
17:40:50:738,-2.24,1.38,-2.39
17:40:50:740,-1.94,1.68,-2.04
17:40:50:743,-1.85,1.75,-1.81
17:40:50:746,-1.98,1.66,-1.77
17:40:50:753,-2.12,1.61,-1.80
17:40:50:763,-2.21,1.53,-1.85
17:40:50:776,-2.14,1.42,-1.87
17:40:50:782,-1.98,1.40,-1.71
17:40:50:792,-1.92,1.40,-1.43
17:40:50:839,-1.86,1.35,-1.06
17:40:50:842,-1.83,1.27,-0.75
17:40:50:843,-1.79,1.11,-0.53
17:40:50:844,-1.65,0.94,-0.39
17:40:50:846,-1.50,0.85,-0.35
17:40:50:851,-1.33,0.78,-0.35
17:40:50:862,-1.16,0.72,-0.42
17:40:50:876,-1.05,0.65,-0.67
17:40:50:880,-1.05,0.56,-0.94
17:40:50:892,-0.98,0.31,-1.29
17:40:50:898,-0.85,-0.30,-1.68
17:40:50:933,-0.43,-0.66,-1.86
17:40:50:936,-0.15,-0.71,-1.85
17:40:50:939,0.01,-0.59,-1.61
17:40:50:940,0.01,-0.19,-1.14
17:40:50:950,-0.19,0.05,-0.59
17:40:50:960,-0.16,0.02,-0.13
17:40:50:967,-0.13,-0.06,0.21
17:40:50:976,-0.01,-0.09,0.40
17:40:50:992,0.01,-0.15,0.54
17:40:50:995,0.00,-0.17,0.65
17:40:51:33,-0.05,-0.09,0.78
17:40:51:36,-0.16,0.07,0.86
17:40:51:38,-0.30,0.24,0.86
17:40:51:41,-0.43,0.36,0.74
17:40:51:45,-0.51,0.43,0.53
17:40:51:59,-0.57,0.43,0.26
17:40:51:64,-0.55,0.38,-0.00
17:40:51:140,-0.51,0.33,-0.16
17:40:51:142,-0.50,0.26,-0.19
17:40:51:144,-0.47,0.20,-0.12
17:40:51:146,-0.47,0.18,0.05
17:40:51:148,-0.47,0.11,0.22
17:40:51:149,-0.41,0.03,0.29
17:40:51:151,-0.28,-0.09,0.19
17:40:51:154,-0.17,-0.13,0.07
17:40:51:155,-0.00,-0.14,0.06
17:40:51:166,0.11,-0.22,0.12
17:40:51:178,0.14,-0.25,0.32
17:40:51:181,0.21,-0.35,0.47
17:40:51:217,0.23,-0.36,0.53
17:40:51:222,0.31,-0.31,0.52
17:40:51:224,0.38,-0.29,0.52
17:40:51:225,0.40,-0.29,0.48
17:40:51:261,0.41,-0.35,0.36
17:40:51:263,0.36,-0.40,0.23
17:40:51:266,0.39,-0.46,0.12
17:40:51:268,0.48,-0.53,0.10
17:40:51:270,0.60,-0.58,0.23
17:40:51:283,0.67,-0.61,0.39
17:40:51:290,0.59,-0.60,0.47
17:40:51:305,0.41,-0.59,0.43
17:40:51:308,0.20,-0.61,0.26
17:40:51:316,0.02,-0.63,0.07
17:40:51:356,-0.07,-0.62,-0.08
17:40:51:360,-0.10,-0.60,-0.14
17:40:51:362,-0.12,-0.60,-0.13
17:40:51:364,-0.15,-0.61,-0.05
17:40:51:366,-0.18,-0.62,0.08
17:40:51:375,-0.18,-0.62,0.18
17:40:51:384,-0.11,-0.58,0.19
17:40:51:394,-0.03,-0.50,0.20
17:40:51:436,0.09,-0.43,0.18
17:40:51:439,0.16,-0.37,0.15
17:40:51:442,0.15,-0.32,0.16
17:40:51:444,0.11,-0.32,0.10
17:40:51:446,0.06,-0.31,0.01
17:40:51:457,-0.01,-0.32,-0.02
17:40:51:462,-0.02,-0.34,-0.05
17:40:51:473,-0.02,-0.31,-0.03
17:40:51:481,-0.01,-0.28,0.04
17:40:51:491,0.04,-0.25,0.12
17:40:51:500,0.11,-0.19,0.23
17:40:51:544,0.18,-0.16,0.33
17:40:51:547,0.20,-0.11,0.34
17:40:51:550,0.13,-0.05,0.29
17:40:51:554,0.02,-0.03,0.19
17:40:51:557,-0.14,0.02,0.10
17:40:51:566,-0.25,0.04,0.08
17:40:51:570,-0.33,0.06,0.13
17:40:51:579,-0.38,0.10,0.20
17:40:51:628,-0.41,0.13,0.25
17:40:51:631,-0.44,0.16,0.25
17:40:51:634,-0.45,0.19,0.21
17:40:51:637,-0.45,0.20,0.15
17:40:51:639,-0.41,0.20,0.12
17:40:51:641,-0.34,0.23,0.12
17:40:51:649,-0.26,0.26,0.11
17:40:51:659,-0.17,0.26,0.12
17:40:51:666,-0.10,0.26,0.11
17:40:51:675,-0.05,0.25,0.10
17:40:51:685,-0.03,0.22,0.06
17:40:51:746,0.01,0.23,-0.00
17:40:51:750,0.04,0.22,-0.07
17:40:51:753,0.07,0.16,-0.12
17:40:51:756,0.09,0.09,-0.10
17:40:51:758,0.10,0.03,-0.05
17:40:51:761,0.11,-0.04,0.00
17:40:51:764,0.12,-0.08,0.05
17:40:51:767,0.13,-0.09,0.09
17:40:51:775,0.14,-0.09,0.12
17:40:51:782,0.18,-0.11,0.15
17:40:51:792,0.21,-0.12,0.14
17:40:51:802,0.25,-0.13,0.09
17:40:51:848,0.28,-0.16,0.04
17:40:51:851,0.26,-0.18,0.03
17:40:51:855,0.21,-0.17,0.01
17:40:51:857,0.15,-0.20,-0.05
17:40:51:861,0.07,-0.18,-0.10
17:40:51:863,0.02,-0.16,-0.16
17:40:51:871,0.01,-0.15,-0.14
17:40:51:879,0.04,-0.13,-0.04
17:40:51:892,0.08,-0.10,0.04
17:40:51:899,0.11,-0.03,0.08
17:40:51:944,0.09,0.02,0.03
17:40:51:948,0.06,0.10,-0.06
17:40:51:951,0.01,0.14,-0.08
17:40:51:952,-0.04,0.13,-0.08
17:40:51:955,-0.08,0.12,-0.10
17:40:51:958,-0.12,0.11,-0.14
17:40:51:967,-0.15,0.07,-0.24
17:40:51:977,-0.13,0.07,-0.31
17:40:51:991,-0.04,0.04,-0.33
17:40:51:996,0.15,0.03,-0.41
17:40:52:35,0.31,0.14,-0.61
17:40:52:37,0.44,0.09,-0.73
17:40:52:39,0.38,0.01,-0.61
17:40:52:41,0.25,-0.04,-0.30
17:40:52:118,0.16,-0.11,0.19
17:40:52:119,0.10,0.01,0.65
17:40:52:120,0.19,0.13,0.92
17:40:52:124,0.16,0.25,0.96
17:40:52:126,0.15,0.28,0.48
17:40:52:128,-0.01,0.31,-0.15
17:40:52:129,-0.18,0.38,-0.75
17:40:52:130,-0.24,0.44,-0.98
17:40:52:132,-0.32,0.46,-0.55
17:40:52:133,-0.28,0.43,-0.06
17:40:52:146,-0.22,0.40,0.21
