time;x;y;z;gforce
0,0030;0,4456;-0,7661;0,5042;1,020
0,0220;0,4416;-0,7622;0,4964;1,011
0,0240;0,4378;-0,7661;0,4924;1,010
0,0850;0,4456;-0,7700;0,4964;1,019
0,0860;0,4456;-0,7622;0,4886;1,009
0,0880;0,4378;-0,7622;0,4847;1,004
0,0900;0,4378;-0,7622;0,4886;1,006
0,0930;0,4456;-0,7583;0,4924;1,008
0,0940;0,4416;-0,7583;0,4886;1,004
0,0960;0,4416;-0,7622;0,4847;1,005
0,1570;0,4416;-0,7661;0,4886;1,010
0,1600;0,4456;-0,7700;0,5042;1,023
0,1610;0,4416;-0,7700;0,5042;1,021
0,1630;0,4378;-0,7661;0,5042;1,016
0,1650;0,4416;-0,7661;0,5003;1,016
0,1660;0,4456;-0,7700;0,4964;1,019
0,1670;0,4534;-0,7661;0,4964;1,019
0,1710;0,4456;-0,7622;0,4924;1,011
0,1880;0,4378;-0,7622;0,4807;1,002
0,1900;0,4299;-0,7622;0,4847;1,000
0,2480;0,4299;-0,7661;0,4847;1,003
0,2500;0,4378;-0,7661;0,4924;1,010
0,2520;0,4573;-0,7661;0,5159;1,031
0,2540;0,4573;-0,7622;0,5159;1,028
0,2550;0,4534;-0,7661;0,5120;1,027
0,2590;0,4534;-0,7622;0,5120;1,024
0,2600;0,4495;-0,7583;0,4924;1,010
0,3090;0,4456;-0,7583;0,4847;1,004
0,3110;0,4456;-0,7622;0,4847;1,007
0,3130;0,4456;-0,7583;0,4924;1,008
0,3160;0,4456;-0,7544;0,4964;1,007
0,3170;0,4495;-0,7583;0,4964;1,012
0,3340;0,4495;-0,7583;0,5003;1,014
0,3360;0,4534;-0,7583;0,4964;1,013
0,3440;0,4573;-0,7622;0,5042;1,022
0,3650;0,4573;-0,7583;0,4964;1,015
0,3680;0,4495;-0,7622;0,4886;1,011
0,3700;0,4534;-0,7622;0,4847;1,011
0,4370;0,4378;-0,7583;0,4807;0,999
0,4400;0,4416;-0,7583;0,4807;1,001
0,4410;0,4495;-0,7583;0,4847;1,006
0,4430;0,4495;-0,7661;0,4964;1,018
0,4440;0,4495;-0,7661;0,5082;1,023
0,4460;0,4573;-0,7583;0,5042;1,019
0,4470;0,4495;-0,7622;0,4964;1,015
0,4600;0,4534;-0,7661;0,4886;1,015
0,4620;0,4612;-0,7661;0,4924;1,021
0,5060;0,4651;-0,7622;0,5003;1,024
0,5080;0,4612;-0,7661;0,4964;1,023
0,5100;0,4573;-0,7622;0,4964;1,018
0,5120;0,4573;-0,7583;0,4886;1,011
0,5150;0,4573;-0,7505;0,4807;1,002
0,5330;0,4573;-0,7544;0,4886;1,008
0,5360;0,4495;-0,7583;0,4886;1,008
0,5480;0,4456;-0,7544;0,4847;1,001
0,5510;0,4456;-0,7583;0,4807;1,002
0,6110;0,4495;-0,7622;0,4847;1,009
0,6150;0,4495;-0,7622;0,4924;1,013
0,6170;0,4456;-0,7622;0,4964;1,013
0,6200;0,4456;-0,7661;0,5042;1,020
0,6210;0,4495;-0,7622;0,5042;1,018
0,6220;0,4495;-0,7622;0,5003;1,017
0,6240;0,4534;-0,7622;0,4886;1,013
0,6360;0,4534;-0,7583;0,4924;1,011
0,6400;0,4573;-0,7661;0,5003;1,023
0,6510;0,4534;-0,7661;0,4964;1,019
0,6610;0,4495;-0,7583;0,4964;1,012
0,7040;0,4495;-0,7622;0,4886;1,011
0,7060;0,4456;-0,7583;0,4807;1,002
0,7070;0,4456;-0,7544;0,4847;1,001
0,7100;0,4416;-0,7544;0,4924;1,003
0,7110;0,4378;-0,7583;0,4886;1,003
0,7310;0,4573;-0,7622;0,4964;1,018
0,7760;0,4612;-0,7622;0,5082;1,026
0,7780;0,4612;-0,7583;0,5082;1,023
0,7800;0,4534;-0,7583;0,5003;1,015
0,7810;0,4573;-0,7622;0,5003;1,020
0,7830;0,4573;-0,7583;0,5003;1,017
0,7940;0,4573;-0,7622;0,4964;1,018
0,8000;0,4456;-0,7661;0,4886;1,012
0,8150;0,4456;-0,7544;0,4807;0,999
0,8260;0,4378;-0,7465;0,4768;0,988
0,8370;0,4339;-0,7505;0,4807;0,991
1,2780;0,4416;-0,7583;0,4847;1,002
1,2800;0,4456;-0,7622;0,4964;1,013
1,2810;0,4495;-0,7661;0,4886;1,014
1,2830;0,4534;-0,7661;0,4964;1,019
1,2840;0,4534;-0,7661;0,5003;1,021
1,2860;0,4534;-0,7661;0,4924;1,017
1,2870;0,4456;-0,7661;0,4964;1,016
1,2890;0,4495;-0,7661;0,4964;1,018
1,2910;0,4534;-0,7622;0,4964;1,016
1,2920;0,4534;-0,7661;0,4924;1,017
1,2930;0,4573;-0,7661;0,4964;1,021
1,2950;0,4495;-0,7622;0,4964;1,015
1,2960;0,4651;-0,7583;0,4534;0,998
1,2980;0,4612;-0,7661;0,4691;1,010
1,3000;0,4573;-0,7700;0,4612;1,007
1,3110;0,4612;-0,7700;0,4691;1,013
1,3670;0,4534;-0,7740;0,4691;1,012
1,3690;0,4534;-0,7857;0,5003;1,036
1,3700;0,4807;-0,8013;0,4651;1,044
1,3720;0,4886;-0,8052;0,4573;1,047
1,3730;0,5042;-0,7700;0,4651;1,031
1,3750;0,4924;-0,7622;0,4573;1,016
1,3830;0,4768;-0,7622;0,4378;1,000
1,3900;0,4807;-0,7622;0,4299;0,998
1,4000;0,4651;-0,7700;0,4299;0,997
1,4540;0,4573;-0,7544;0,4495;0,990
1,4570;0,4730;-0,7465;0,4573;0,995
1,4590;0,4847;-0,7544;0,4651;1,010
1,4600;0,4534;-0,7661;0,4768;1,010
1,4620;0,4730;-0,7544;0,4651;1,005
1,4650;0,4691;-0,7779;0,4456;1,012
1,4720;0,4964;-0,7973;0,4573;1,045
1,4840;0,4886;-0,7896;0,4378;1,027
1,4910;0,5120;-0,7700;0,4378;1,023
1,5020;0,5238;-0,7544;0,4378;1,017
1,5520;0,5120;-0,7465;0,4378;1,006
1,5540;0,4924;-0,7740;0,4534;1,023
1,5580;0,4807;-0,7583;0,4495;1,004
1,5600;0,4730;-0,7427;0,4534;0,990
1,5610;0,4886;-0,7232;0,4456;0,980
1,5630;0,5042;-0,7388;0,4495;1,001
1,5710;0,5511;-0,7700;0,4924;1,067
1,5810;0,5433;-0,7700;0,4299;1,036
1,5910;0,5433;-0,7544;0,4221;1,021
1,6050;0,5550;-0,7544;0,4026;1,019
1,6120;0,5511;-0,7583;0,4104;1,023
1,6720;0,5550;-0,7700;0,4299;1,042
1,6740;0,5707;-0,7465;0,4456;1,040
1,6760;0,5667;-0,7349;0,4143;1,016
1,6780;0,5667;-0,7427;0,4143;1,022
1,6800;0,5590;-0,7661;0,4065;1,032
1,6810;0,5667;-0,7544;0,4065;1,027
1,6820;0,5707;-0,7544;0,3948;1,025
1,6940;0,5707;-0,7544;0,3908;1,024
1,7000;0,5785;-0,7505;0,4026;1,030
1,7120;0,5785;-0,7583;0,3869;1,029
1,7200;0,5667;-0,7622;0,3596;1,016
1,7690;0,5667;-0,7740;0,3205;1,011
1,7720;0,5785;-0,7622;0,3283;1,012
1,7750;0,5863;-0,7388;0,3400;1,003
1,7760;0,5394;-0,7661;0,3517;1,001
1,7780;0,5629;-0,7622;0,3205;1,000
1,7800;0,5863;-0,7740;0,3596;1,035
1,7910;0,6176;-0,7661;0,3713;1,052
1,8000;0,6176;-0,7583;0,3791;1,049
1,8120;0,6019;-0,7700;0,3713;1,046
1,8300;0,5785;-0,7700;0,3869;1,038
1,8330;0,5785;-0,7583;0,3791;1,026
1,8790;0,5902;-0,7544;0,3322;1,014
1,8810;0,5785;-0,7661;0,3283;1,015
1,8830;0,5746;-0,7661;0,3244;1,011
1,8840;0,5667;-0,7661;0,3322;1,009
1,8870;0,5590;-0,7505;0,3165;0,988
1,8940;0,5707;-0,7505;0,3165;0,995
1,9000;0,6137;-0,7388;0,3400;1,019
1,9100;0,5823;-0,7622;0,3244;1,013
1,9650;0,5902;-0,7896;0,3440;1,044
1,9690;0,6176;-0,7740;0,3361;1,046
1,9700;0,6528;-0,7622;0,3517;1,063
1,9720;0,6176;-0,7700;0,3596;1,051
1,9730;0,6410;-0,7661;0,3205;1,049
1,9750;0,6449;-0,7817;0,3361;1,068
1,9840;0,5511;-0,7700;0,3283;1,002
1,9900;0,5667;-0,7544;0,2774;0,983
2,0000;0,5003;-0,8248;0,3948;1,042
2,0480;0,5667;-0,7505;0,3205;0,994
2,0500;0,5863;-0,7505;0,2892;0,995
2,0520;0,5472;-0,7622;0,2462;0,970
2,0530;0,5394;-0,7740;0,2501;0,976
2,0570;0,5433;-0,8052;0,3009;1,017
2,0640;0,5238;-0,8131;0,3205;1,019
2,0780;0,5315;-0,7817;0,3635;1,013
2,0800;0,6019;-0,7544;0,3831;1,038
2,0900;0,5355;-0,7700;0,3831;1,013
2,1090;0,5707;-0,7583;0,3752;1,021
2,1180;0,4964;-0,7740;0,3948;1,001
2,1200;0,5315;-0,7935;0,3557;1,019
2,1310;0,5199;-0,7700;0,3752;1,002
2,1820;0,5238;-0,7740;0,3831;1,010
2,1840;0,5355;-0,7817;0,3869;1,024
2,8930;0,5511;-0,7622;0,3713;1,011
2,8940;0,5550;-0,7622;0,3244;0,997
2,8960;0,5667;-0,7740;0,3049;1,007
2,8970;0,5472;-0,7935;0,4183;1,051
2,9000;0,5550;-0,7740;0,3948;1,031
2,9010;0,5590;-0,7973;0,3908;1,049
2,9030;0,5746;-0,7896;0,3752;1,046
2,9040;0,5159;-0,8639;0,3831;1,077
2,9060;0,5394;-0,8482;0,3948;1,080
2,9070;0,6801;-0,7817;0,4416;1,126
2,9100;0,6332;-0,7544;0,3987;1,063
2,9120;0,7388;-0,7232;0,5082;1,152
2,9130;0,7036;-0,7270;0,1602;1,024
2,9150;0,6449;-0,7153;0,1563;0,976
2,9270;0,6606;-0,7740;0,1681;1,031
2,9300;0,6410;-0,7817;0,1524;1,022
2,9460;0,6410;-0,7661;0,2306;1,025
2,9580;0,6371;-0,7583;0,2501;1,022
2,9610;0,6254;-0,7661;0,2580;1,022
3,0150;0,6880;-0,7544;0,2618;1,054
3,0180;0,6997;-0,7700;0,2266;1,065
3,0200;0,7036;-0,7465;0,2110;1,047
3,0220;0,6918;-0,7388;0,1954;1,031
3,0230;0,6489;-0,7465;0,2345;1,017
3,0250;0,6528;-0,7427;0,1993;1,009
3,0400;0,6410;-0,7465;0,2306;1,011
3,0500;0,6645;-0,7779;0,1719;1,037
3,0510;0,6606;-0,7817;0,1681;1,037
3,0740;0,7114;-0,7544;0,2149;1,059
3,0770;0,7740;-0,7427;0,2071;1,092
3,1310;0,7388;-0,7622;0,2345;1,087
3,1330;0,7388;-0,7465;0,2306;1,075
3,1360;0,7153;-0,7505;0,2149;1,059
3,1380;0,6957;-0,7427;0,2228;1,042
3,1400;0,6410;-0,7309;0,1993;0,992
3,1420;0,6176;-0,7232;0,2228;0,977
3,1430;0,6058;-0,7232;0,2345;0,972
3,1570;0,6528;-0,7074;0,1837;0,980
3,1600;0,6566;-0,7192;0,1837;0,991
3,1740;0,6841;-0,6997;0,1954;0,998
3,2500;0,6880;-0,7309;0,1798;1,020
3,2530;0,6918;-0,7114;0,1758;1,008
3,2550;0,6918;-0,7114;0,1719;1,007
3,2560;0,7036;-0,7153;0,1563;1,015
3,2580;0,7309;-0,7153;0,1641;1,036
3,2630;0,7700;-0,7309;0,1681;1,075
3,2650;0,7857;-0,7270;0,1602;1,082
3,2660;0,7817;-0,7270;0,1563;1,079
3,2690;0,7661;-0,7153;0,1563;1,060
3,2700;0,7192;-0,7153;0,1602;1,027
3,2860;0,7074;-0,7153;0,1524;1,018
3,2910;0,6957;-0,7153;0,1563;1,010
3,3000;0,6880;-0,7153;0,1485;1,003
3,3540;0,6997;-0,7192;0,1641;1,017
3,3590;0,7192;-0,7349;0,1758;1,043
3,3610;0,7232;-0,7388;0,1837;1,050
3,3620;0,7270;-0,7232;0,1876;1,042
3,3640;0,7153;-0,7192;0,1602;1,027
3,3650;0,7153;-0,7232;0,1641;1,030
3,3740;0,7192;-0,7192;0,1524;1,028
3,3800;0,7192;-0,7232;0,1641;1,033
3,4370;0,7349;-0,7192;0,1876;1,045
3,4400;0,7309;-0,7232;0,1837;1,044
3,4410;0,7349;-0,7114;0,1876;1,040
3,4440;0,7349;-0,7153;0,1758;1,041
3,4460;0,7232;-0,7192;0,1602;1,032
3,4470;0,7153;-0,7114;0,1524;1,020
3,4550;0,6997;-0,7036;0,1329;1,001
3,4600;0,7192;-0,7074;0,1329;1,018
3,4700;0,7036;-0,7270;0,1485;1,023
3,5240;0,6762;-0,7153;0,1290;0,993
3,5270;0,7192;-0,7153;0,1367;1,024
3,5310;0,7349;-0,7349;0,1837;1,055
3,5320;0,7270;-0,7349;0,1915;1,051
3,5330;0,7232;-0,7349;0,1915;1,049
3,5350;0,7232;-0,7388;0,1798;1,049
3,5430;0,7270;-0,7349;0,1758;1,049
3,5500;0,7232;-0,7309;0,1719;1,042
3,5600;0,7114;-0,7270;0,1758;1,032
3,6110;0,7232;-0,7309;0,1798;1,044
3,6150;0,7465;-0,7388;0,1719;1,064
3,6160;0,7427;-0,7349;0,1524;1,056
3,6180;0,7270;-0,7153;0,1367;1,029
3,6200;0,6997;-0,7114;0,1367;1,007
3,6210;0,6918;-0,6880;0,1954;0,995
3,6300;0,7036;-0,6997;0,2071;1,014
3,6400;0,7192;-0,7192;0,2149;1,040
3,6590;0,7074;-0,6918;0,1915;1,008
3,6650;0,7074;-0,7544;0,1719;1,048
3,6870;0,7192;-0,7583;0,1524;1,056
3,6900;0,7544;-0,7544;0,1485;1,077
3,6910;0,7740;-0,7427;0,1055;1,078
3,7100;0,7857;-0,7388;0,0820;1,082
3,7160;0,7896;-0,7270;0,0977;1,078
3,8220;0,7622;-0,7232;0,0859;1,054
3,8290;0,7232;-0,7349;0,0820;1,034
3,8310;0,6684;-0,7544;0,0820;1,011
3,8340;0,6332;-0,7505;0,0899;0,986
3,8360;0,6684;-0,7309;0,1290;0,999
3,8370;0,6918;-0,7349;0,1367;1,019
5,0910;0,6957;-0,7232;0,1407;1,013
5,0920;0,6918;-0,7270;0,1367;1,013
5,0930;0,7036;-0,7270;0,1367;1,021
5,0950;0,7114;-0,7232;0,1250;1,022
5,0960;0,7153;-0,7232;0,1133;1,023
5,1000;0,7192;-0,7232;0,0899;1,024
5,1010;0,7192;-0,7232;0,0664;1,022
5,1030;0,7036;-0,7349;0,0391;1,018
5,1050;0,6957;-0,7388;0,0312;1,015
5,1070;0,6880;-0,7232;0,0273;0,998
5,1130;0,6997;-0,7270;0,0312;1,010
5,1200;0,7192;-0,7349;0,0586;1,030
5,1240;0,5667;-0,9030;-0,0351;1,067
5,1250;0,5667;-0,8873;-0,0351;1,053
5,1270;0,5550;-0,8834;-0,0351;1,044
5,1430;0,5315;-0,8795;-0,0468;1,029
5,1490;0,5238;-0,8795;-0,0508;1,025
5,1530;0,5159;-0,8795;-0,0547;1,021
5,2090;0,5238;-0,8834;-0,0508;1,028
5,2110;0,5277;-0,8834;-0,0547;1,030
5,2150;0,5277;-0,8795;-0,0508;1,027
5,2170;0,5238;-0,8678;-0,0468;1,015
5,2190;0,5238;-0,8678;-0,0508;1,015
5,2210;0,5238;-0,8716;-0,0508;1,018
5,2220;0,5355;-0,8716;-0,0547;1,024
5,2740;0,5472;-0,8795;-0,0586;1,038
5,2760;0,5511;-0,8873;-0,0508;1,046
5,2790;0,5629;-0,9498;-0,0468;1,105
5,2810;0,5550;-0,8795;-0,0430;1,041
5,2840;0,5511;-0,8756;-0,0391;1,035
5,2860;0,5355;-0,9030;-0,0312;1,050
5,3370;0,5277;-0,9068;-0,0234;1,049
5,3420;0,5159;-0,8599;-0,0273;1,003
5,3450;0,4924;-0,8482;-0,0156;0,981
5,3460;0,4807;-0,8716;-0,0234;0,996
5,3490;0,4651;-1,0202;-0,0195;1,121
5,3510;0,5277;-0,8678;-0,0116;1,016
5,3540;0,5550;-0,8248;-0,0039;0,994
5,3630;0,5511;-0,8482;-0,0391;1,012
5,4140;0,5315;-0,8716;-0,0430;1,022
5,4190;0,5355;-0,9030;-0,0351;1,050
5,4210;0,5355;-0,9030;-0,0468;1,051
5,4230;0,5315;-0,8951;-0,0586;1,043
5,4240;0,5277;-0,8990;-0,0624;1,044
5,4260;0,5355;-0,8990;-0,0586;1,048
5,4370;0,5394;-0,8951;-0,0547;1,046
5,4860;0,5394;-0,8990;-0,0508;1,050
5,4900;0,5472;-0,8951;-0,0468;1,050
5,4930;0,5394;-0,8873;-0,0468;1,039
5,4940;0,5315;-0,8795;-0,0468;1,029
5,4960;0,5159;-0,8795;-0,0508;1,021
5,4980;0,5082;-0,8834;-0,0547;1,021
5,5060;0,5277;-0,8873;-0,0586;1,034
5,5100;0,5433;-0,8951;-0,0664;1,049
5,5200;0,5590;-0,8951;-0,0703;1,058
5,6120;0,5590;-0,8951;-0,0742;1,058
5,6160;0,5238;-0,8795;-0,0624;1,026
5,6180;0,5120;-0,8756;-0,0547;1,016
5,6200;0,5159;-0,8716;-0,0508;1,014
5,6210;0,5120;-0,8716;-0,0468;1,012
5,6230;0,5120;-0,8716;-0,0508;1,012
5,6240;0,5082;-0,8716;-0,0547;1,010
5,6260;0,5120;-0,8716;-0,0508;1,012
5,6280;0,5120;-0,8639;-0,0547;1,006
5,6300;0,5159;-0,8678;-0,0586;1,011
5,6430;0,5120;-0,8678;-0,0586;1,009
5,7120;0,5238;-0,8795;-0,0624;1,026
5,7140;0,5277;-0,8795;-0,0703;1,028
5,7150;0,5315;-0,8834;-0,0782;1,034
5,7190;0,5315;-0,8834;-0,0703;1,033
5,7210;0,5394;-0,8873;-0,0742;1,041
5,7220;0,5433;-0,8912;-0,0703;1,046
5,7240;0,5433;-0,8873;-0,0664;1,043
5,7260;0,5433;-0,8873;-0,0624;1,042
5,7340;0,5315;-0,8795;-0,0586;1,029
5,7410;0,5159;-0,8756;-0,0586;1,018
5,7540;0,4964;-0,8678;-0,0703;1,002
5,7600;0,4534;-0,8795;-0,0742;0,992
5,7740;0,3596;-0,8834;-0,0624;0,956
5,7820;0,2736;-0,8834;-0,1211;0,933
5,7900;0,0234;-1,2821;-0,2228;1,302
5,8450;-0,1094;-1,5166;-0,2657;1,544
5,8480;-0,1172;-1,2548;-0,0977;1,264
5,8520;-0,2266;-0,9224;0,0351;0,951
5,8540;-0,1367;-0,6801;0,0391;0,695
5,8560;-0,0820;-0,5238;0,0391;0,532
5,8590;-0,0508;-0,4378;0,0468;0,443
5,8630;-0,0508;-0,4104;0,0586;0,418
5,8740;-0,0938;-0,4651;0,0977;0,484
5,9260;-0,1993;-0,6058;0,1837;0,664
5,9300;-0,3049;-0,6841;0,2541;0,791
5,9320;-0,4691;-0,7661;0,3322;0,958
5,9340;-0,5472;-0,7192;0,3557;0,971
5,9350;-0,6137;-0,6684;0,2384;0,938
5,9370;-0,5707;-0,5981;0,1719;0,844
5,9460;-0,4495;-0,4612;0,0156;0,644
5,9510;-0,3635;-0,3948;-0,0468;0,539
5,9610;-0,2774;-0,3557;-0,0938;0,461
6,0170;-0,2423;-0,3517;-0,1172;0,443
6,0200;-0,2306;-0,3869;-0,1367;0,471
6,8180;-0,2580;-0,4612;-0,1563;0,551
6,8210;-0,3400;-0,6489;-0,1837;0,755
6,8230;-0,3948;-0,8013;-0,1915;0,914
6,8250;-0,4847;-1,0554;-0,1446;1,170
6,8270;-0,5355;-1,2235;-0,0859;1,338
6,8300;-0,5863;-1,4267;0,0703;1,544
6,8330;-0,5941;-1,4971;0,1798;1,621
6,8350;-0,5472;-1,4267;0,3049;1,558
6,8370;-0,4691;-1,2548;0,3205;1,377
6,8460;-0,3517;-0,9850;0,2970;1,087
6,8480;-0,2970;-0,8482;0,2697;0,938
6,8500;-0,2423;-0,7309;0,2384;0,806
6,8510;-0,5120;-0,9538;-0,0078;1,083
6,8530;-0,5120;-0,9303;-0,0195;1,062
6,8550;-0,5003;-0,8873;-0,0234;1,019
6,8560;-0,4807;-0,8169;0,0039;0,948
6,8600;-0,4534;-0,7661;0,0273;0,891
6,8750;-0,4299;-0,7114;0,0624;0,834
6,8810;-0,4183;-0,6918;0,0977;0,814
6,8930;-0,4065;-0,6762;0,1329;0,800
6,9010;-0,4026;-0,6723;0,1524;0,798
6,9590;-0,3948;-0,6723;0,1681;0,798
6,9610;-0,3948;-0,6723;0,1719;0,798
6,9630;-0,3908;-0,6880;0,1602;0,807
6,9660;-0,3908;-0,6997;0,1524;0,816
6,9680;-0,3987;-0,7388;0,1250;0,849
6,9700;-0,4104;-0,7740;0,1016;0,882
6,9720;-0,4260;-0,8208;0,0624;0,927
6,9850;-0,4339;-0,8482;0,0312;0,953
7,0340;-0,4260;-0,8560;-0,0039;0,956
7,0370;-0,4104;-0,8404;-0,0195;0,935
7,0400;-0,3752;-0,7935;-0,0351;0,878
7,0420;-0,3557;-0,7661;-0,0391;0,846
7,0430;-0,3283;-0,7349;-0,0273;0,805
7,0460;-0,3165;-0,7153;-0,0195;0,782
7,0570;-0,3049;-0,6997;0,0000;0,763
7,0610;-0,3088;-0,6997;0,0312;0,765
7,1280;-0,3205;-0,7192;0,0586;0,790
7,1310;-0,3479;-0,7544;0,1055;0,837
7,1320;-0,3674;-0,7740;0,1367;0,868
7,1340;-0,3831;-0,7817;0,1798;0,889
7,1360;-0,3831;-0,7661;0,1954;0,879
7,1390;-0,3557;-0,6841;0,1915;0,794
7,1410;-0,3440;-0,6645;0,1876;0,771
7,1430;-0,3283;-0,6137;0,1641;0,715
7,1540;-0,3283;-0,5981;0,1524;0,699
7,1640;-0,3400;-0,6019;0,1290;0,703
7,1700;-0,3596;-0,6254;0,1055;0,729
7,2330;-0,3948;-0,6645;0,0742;0,776
7,2360;-0,4143;-0,6880;0,0430;0,804
7,2380;-0,4339;-0,7153;0,0078;0,837
7,2420;-0,4339;-0,7192;-0,0195;0,840
7,2440;-0,4104;-0,7036;-0,0351;0,815
7,2470;-0,3869;-0,6841;-0,0430;0,787
7,2500;-0,3635;-0,6684;-0,0351;0,762
7,2510;-0,3517;-0,6684;-0,0234;0,756
7,2620;-0,3635;-0,7153;0,0039;0,802
7,2700;-0,3869;-0,7661;0,0195;0,859
7,3340;-0,4143;-0,8521;0,0664;0,950
7,3360;-0,4378;-0,8990;0,0977;1,005
7,3370;-0,4534;-0,9420;0,1407;1,055
7,3390;-0,4534;-0,9538;0,1602;1,068
7,3410;-0,4299;-0,9186;0,1758;1,029
7,3420;-0,4104;-0,8873;0,1719;0,993
7,3450;-0,3987;-0,8560;0,1681;0,959
7,3540;-0,3908;-0,8365;0,1563;0,936
7,3600;-0,4026;-0,8443;0,1485;0,947
7,3700;-0,4416;-0,8990;0,1290;1,010
7,4260;-0,4768;-0,9342;0,1133;1,055
7,4300;-0,5159;-0,9615;0,0782;1,094
7,4320;-0,5315;-0,9694;0,0547;1,107
7,4350;-0,5472;-0,9538;0,0273;1,100
7,4370;-0,5433;-0,9342;0,0116;1,081
7,4390;-0,5238;-0,8795;0,0000;1,024
7,4410;-0,5082;-0,8443;0,0078;0,985
7,4520;-0,4886;-0,8091;0,0195;0,945
7,4600;-0,4924;-0,8091;0,0430;0,948
7,4700;-0,5159;-0,8560;0,0782;1,003
7,5230;-0,5433;-0,8990;0,1094;1,056
7,5250;-0,5707;-0,9694;0,1446;1,134
7,5270;-0,5863;-1,0085;0,1641;1,178
7,5310;-0,6019;-1,0671;0,1758;1,238
7,5340;-0,6058;-1,0945;0,1719;1,263
7,5360;-0,6019;-1,1257;0,1524;1,286
7,5450;-0,6019;-1,1414;0,1290;1,297
7,5560;-0,6019;-1,1570;0,0899;1,307
7,5600;-0,6019;-1,1688;0,0624;1,316
7,6570;-0,6058;-1,1805;0,0312;1,327
7,6620;-0,6058;-1,1883;0,0156;1,334
7,6640;-0,6058;-1,1844;0,0039;1,330
7,7000;-0,6098;-1,1765;0,0078;1,325
7,7020;-0,6137;-1,1688;0,0312;1,320
7,7040;-0,6215;-1,1648;0,0586;1,322
7,7060;-0,6293;-1,1570;0,0899;1,320
7,7280;-0,6528;-1,1532;0,1407;1,333
7,7310;-0,6684;-1,1414;0,1876;1,336
7,7320;-0,6762;-1,1257;0,2033;1,329
7,7360;-0,6762;-1,1062;0,2110;1,314
7,7380;-0,6606;-1,0593;0,1798;1,261
7,7410;-0,6528;-1,0476;0,1524;1,244
8,5380;-0,6528;-1,0515;0,1211;1,244
8,5400;-0,6684;-1,0710;0,0899;1,266
8,5420;-0,6918;-1,1336;0,0391;1,329
8,5440;-0,7074;-1,1805;0,0116;1,376
8,5460;-0,7192;-1,2273;-0,0195;1,423
8,5480;-0,7074;-1,2469;-0,0234;1,434
8,5510;-0,6880;-1,2469;-0,0116;1,424
8,5520;-0,6528;-1,2235;0,0116;1,387
8,5540;-0,6254;-1,2040;0,0586;1,358
8,5560;-0,6293;-1,2313;0,0938;1,386
8,5590;-0,6489;-1,2704;0,1485;1,434
8,5620;-0,6684;-1,2978;0,1798;1,471
8,5630;-0,3948;-0,8013;0,1172;0,901
8,5650;-0,3831;-0,7935;0,1250;0,890
8,5810;-0,3869;-0,8013;0,1172;0,898
8,6440;-0,3987;-0,8208;0,1133;0,920
8,6460;-0,4143;-0,8326;0,1055;0,936
8,6470;-0,4299;-0,8482;0,0938;0,956
8,6500;-0,4378;-0,8521;0,0859;0,962
8,6520;-0,4456;-0,8443;0,0703;0,957
8,6550;-0,4534;-0,8404;0,0624;0,957
8,6560;-0,4495;-0,8208;0,0547;0,937
8,6670;-0,4534;-0,8052;0,0547;0,926
8,6700;-0,4573;-0,7935;0,0547;0,917
8,6810;-0,4612;-0,7935;0,0664;0,920
8,7470;-0,4691;-0,7935;0,0782;0,925
8,7500;-0,4807;-0,8091;0,0977;0,946
8,7510;-0,4886;-0,8169;0,1094;0,958
8,7520;-0,4964;-0,8326;0,1172;0,976
8,7560;-0,5082;-0,8639;0,1367;1,012
8,7570;-0,5120;-0,8795;0,1446;1,028
8,7590;-0,5238;-0,9147;0,1407;1,063
8,7610;-0,5277;-0,9342;0,1367;1,082
8,7700;-0,5394;-0,9772;0,1290;1,124
8,8250;-0,5472;-1,0007;0,1211;1,147
8,8280;-0,5511;-1,0398;0,1055;1,182
8,8310;-0,5590;-1,0554;0,0899;1,198
8,8340;-0,5629;-1,0710;0,0820;1,213
8,8360;-0,5590;-1,0866;0,0624;1,224
8,8400;-0,5629;-1,0906;0,0624;1,229
8,8420;-0,5629;-1,0906;0,0664;1,229
8,8500;-0,5707;-1,0945;0,0742;1,237
8,8640;-0,5746;-1,0906;0,0899;1,236
8,8770;-0,5863;-1,0945;0,1016;1,246
8,8800;-0,6019;-1,0984;0,1290;1,259
8,8900;-0,6137;-1,0945;0,1485;1,264
8,9000;-0,6254;-1,0866;0,1602;1,264
8,9110;-0,6371;-1,0828;0,1681;1,267
8,9680;-0,6410;-1,0632;0,1641;1,252
8,9710;-0,6332;-1,0515;0,1563;1,237
8,9730;-0,6332;-1,0398;0,1367;1,225
8,9750;-0,6371;-1,0358;0,1172;1,222
8,9820;-0,6449;-1,0515;0,0899;1,237
8,9840;-0,6528;-1,0710;0,0742;1,256
8,9850;-0,6606;-1,1101;0,0586;1,293
8,9970;-0,6723;-1,1414;0,0508;1,326
9,0000;-0,6762;-1,1805;0,0547;1,362
9,0170;-0,6801;-1,2040;0,0624;1,384
9,0210;-0,6762;-1,2313;0,0820;1,407
9,0760;-0,6762;-1,2431;0,1016;1,419
9,0820;-0,6684;-1,2469;0,1250;1,420
9,0830;-0,6645;-1,2508;0,1446;1,424
9,0850;-0,6566;-1,2431;0,1563;1,414
9,0880;-0,6566;-1,2352;0,1602;1,408
9,0910;-0,6566;-1,2235;0,1641;1,398
9,0920;-0,6606;-1,2235;0,1602;1,400
9,1020;-0,6645;-1,2117;0,1485;1,390
9,1100;-0,6723;-1,1961;0,1211;1,377
9,1250;-0,6801;-1,1805;0,0977;1,366
9,1300;-0,6801;-1,1492;0,0782;1,338
9,1870;-0,6801;-1,1297;0,0624;1,320
9,1900;-0,6723;-1,0945;0,0508;1,286
9,1930;-0,6645;-1,0749;0,0468;1,265
9,1950;-0,6489;-1,0515;0,0508;1,237
9,1960;-0,6489;-1,0515;0,0624;1,237
9,1980;-0,6449;-1,0710;0,0820;1,253
9,2010;-0,6528;-1,0866;0,0977;1,271
9,2160;-0,6566;-1,1218;0,1211;1,306
9,2200;-0,6566;-1,1414;0,1290;1,323
9,2800;-0,6566;-1,1648;0,1367;1,344
9,2820;-0,6489;-1,1727;0,1290;1,346
9,2860;-0,6332;-1,1648;0,1211;1,331
9,2870;-0,6176;-1,1532;0,1094;1,313
9,2900;-0,6019;-1,1336;0,0899;1,287
9,2920;-0,5941;-1,1218;0,0742;1,272
9,2930;-0,5902;-1,1101;0,0624;1,259
9,3050;-0,5902;-1,1023;0,0508;1,251
9,3100;-0,5941;-1,0906;0,0430;1,243
9,3300;-0,5863;-1,0749;0,0468;1,225
9,3320;-0,5823;-1,0398;0,0547;1,193
9,3840;-0,5746;-1,0163;0,0664;1,169
9,3880;-0,5629;-0,9811;0,0820;1,134
9,3900;-0,5590;-0,9538;0,0938;1,109
9,3920;-0,5511;-0,9186;0,1055;1,076
9,3930;-0,5433;-0,9030;0,1133;1,060
9,3970;-0,5355;-0,8873;0,1172;1,043
9,4050;-0,5315;-0,8716;0,1172;1,028
9,4100;-0,5238;-0,8639;0,1133;1,017
9,4240;-0,5159;-0,8599;0,0977;1,008
9,5250;-0,5120;-0,8639;0,0938;1,009
10,3750;-0,5082;-0,8678;0,0742;1,008
10,3770;-0,5082;-0,8834;0,0586;1,021
10,3780;-0,5082;-0,8951;0,0430;1,030
10,3800;-0,5003;-0,8990;0,0391;1,030
10,3820;-0,4924;-0,8951;0,0351;1,022
10,3830;-0,4768;-0,8912;0,0312;1,011
10,3840;-0,4573;-0,8756;0,0351;0,988
10,3860;-0,4495;-0,8639;0,0391;0,975
10,3870;-0,4378;-0,8482;0,0547;0,956
10,3900;-0,4299;-0,8365;0,0586;0,942
10,3910;-0,4221;-0,8248;0,0782;0,930
10,3940;-0,4260;-0,8208;0,0859;0,929
10,3960;-0,6762;-1,1414;0,1172;1,332
10,3970;-0,6801;-1,1218;0,0977;1,316
10,4000;-0,6762;-1,1101;0,0899;1,303
10,4710;-0,6762;-1,0945;0,0899;1,290
10,4740;-0,6645;-1,0828;0,1016;1,274
10,4760;-0,6606;-1,0789;0,1055;1,269
10,4820;-0,6606;-1,0906;0,1133;1,280
10,4830;-0,6645;-1,1101;0,1329;1,301
10,4860;-0,6684;-1,1297;0,1446;1,321
10,4880;-0,6723;-1,1609;0,1563;1,351
10,4900;-0,6684;-1,1727;0,1563;1,359
10,4920;-0,6606;-1,1727;0,1563;1,355
10,6130;-0,6489;-1,1765;0,1524;1,352
10,6180;-0,6371;-1,1648;0,1329;1,334
10,6250;-0,6293;-1,1609;0,1290;1,327
10,6260;-0,6293;-1,1609;0,1172;1,326
10,6280;-0,6293;-1,1532;0,1055;1,318
10,6400;-0,6254;-1,1453;0,1016;1,309
10,6420;-0,6254;-1,1336;0,0938;1,298
10,6440;-0,6254;-1,1218;0,0899;1,288
10,6460;-0,6254;-1,0945;0,0938;1,264
10,6500;-0,6215;-1,0789;0,1055;1,250
10,6520;-0,6098;-1,0437;0,1094;1,214
10,6540;-0,6019;-1,0202;0,1172;1,190
10,6550;-0,5863;-0,9850;0,1250;1,153
10,6570;-0,5902;-0,9733;0,1290;1,146
10,6610;-0,5823;-0,9615;0,1290;1,132
10,6630;-0,5823;-0,9538;0,1329;1,125
10,6650;-0,5746;-0,9459;0,1211;1,113
10,7130;-0,5667;-0,9498;0,1172;1,112
10,7190;-0,5590;-0,9498;0,1055;1,107
10,7210;-0,5590;-0,9577;0,0977;1,113
10,7220;-0,5550;-0,9615;0,0782;1,113
10,7240;-0,5472;-0,9655;0,0703;1,112
10,7260;-0,5355;-0,9694;0,0703;1,110
10,7810;-0,5238;-0,9459;0,0624;1,083
10,7830;-0,4964;-0,9224;0,0586;1,049
10,7850;-0,5042;-0,9342;0,0664;1,064
10,7880;-0,5120;-0,9498;0,0742;1,082
10,7900;-0,5159;-0,9655;0,0782;1,097
10,7920;-0,5120;-0,9615;0,0899;1,093
10,7930;-0,5003;-0,9342;0,0938;1,064
10,8510;-0,4768;-0,8912;0,0977;1,015
10,8580;-0,4691;-0,8678;0,1016;0,992
10,8600;-0,4573;-0,8326;0,1016;0,955
10,8610;-0,4495;-0,8169;0,1016;0,938
10,8630;-0,4456;-0,8013;0,0977;0,922
10,8650;-0,4495;-0,7896;0,0938;0,913
10,8660;-0,4495;-0,7779;0,0820;0,902
10,8740;-0,4495;-0,7661;0,0782;0,892
10,9320;-0,4456;-0,7583;0,0703;0,882
10,9340;-0,4416;-0,7388;0,0547;0,862
10,9360;-0,4339;-0,7270;0,0508;0,848
10,9390;-0,4260;-0,7192;0,0430;0,837
10,9410;-0,4221;-0,7153;0,0391;0,832
10,9430;-0,4104;-0,7074;0,0391;0,819
10,9450;-0,4065;-0,7074;0,0391;0,817
10,9950;-0,4065;-0,7153;0,0430;0,824
10,9970;-0,4026;-0,7232;0,0468;0,829
11,0010;-0,4026;-0,7309;0,0586;0,836
11,0020;-0,4026;-0,7427;0,0624;0,847
11,0050;-0,4026;-0,7544;0,0703;0,858
11,0070;-0,3987;-0,7583;0,0742;0,860
11,0350;-0,3948;-0,7544;0,0782;0,855
11,0370;-0,3908;-0,7505;0,0782;0,850
11,0390;-0,3831;-0,7505;0,0782;0,846
11,0410;-0,3831;-0,7465;0,0742;0,842
11,0970;-0,3791;-0,7388;0,0782;0,834
11,1000;-0,3791;-0,7388;0,0703;0,833
11,1020;-0,3831;-0,7349;0,0664;0,831
11,1050;-0,3869;-0,7309;0,0624;0,829
11,1080;-0,3908;-0,7309;0,0586;0,831
11,1110;-0,3948;-0,7270;0,0508;0,829
11,1140;-0,3987;-0,7153;0,0508;0,820
11,1230;-0,3987;-0,7114;0,0468;0,817
11,1310;-0,3987;-0,6997;0,0468;0,807
11,1800;-0,3987;-0,6880;0,0508;0,797
11,1820;-0,3987;-0,6841;0,0508;0,793
11,1840;-0,3987;-0,6801;0,0586;0,791
11,1850;-0,4026;-0,6841;0,0586;0,796
11,1870;-0,4065;-0,6918;0,0664;0,805
11,1900;-0,4104;-0,6997;0,0703;0,814
11,2000;-0,4143;-0,7114;0,0742;0,827
11,2100;-0,4221;-0,7270;0,0742;0,844
11,2610;-0,4260;-0,7388;0,0782;0,856
11,2650;-0,4299;-0,7544;0,0782;0,872
11,2670;-0,4378;-0,7740;0,0782;0,893
11,2690;-0,4378;-0,7896;0,0742;0,906
12,0460;-0,4456;-0,8169;0,0664;0,933
12,0470;-0,4456;-0,8326;0,0664;0,947
12,0490;-0,4573;-0,8482;0,0547;0,965
12,0510;-0,4612;-0,8639;0,0547;0,981
12,0520;-0,4612;-0,8756;0,0547;0,991
12,0530;-0,4691;-0,8756;0,0547;0,995
12,0550;-0,4730;-0,8834;0,0586;1,004
12,0570;-0,4807;-0,8873;0,0624;1,011
12,0580;-0,4847;-0,8912;0,0703;1,017
12,0600;-0,4924;-0,8990;0,0782;1,028
12,0610;-0,5042;-0,9068;0,0899;1,041
12,0630;-0,5120;-0,9107;0,0977;1,049
12,0650;-0,5238;-0,9577;0,1172;1,098
12,0660;-0,5159;-0,9459;0,1094;1,083
12,0770;-0,5120;-0,9147;0,1133;1,054
12,0800;-0,5042;-0,8990;0,1055;1,036
12,0950;-0,4964;-0,8716;0,1016;1,008
12,1470;-0,4924;-0,8639;0,0977;0,999
12,1500;-0,4886;-0,8443;0,0899;0,980
12,1510;-0,4886;-0,8365;0,0820;0,972
12,1540;-0,4768;-0,8208;0,0703;0,952
12,1560;-0,4730;-0,8052;0,0664;0,936
12,1570;-0,4651;-0,7935;0,0586;0,922
12,1600;-0,4534;-0,7896;0,0586;0,912
12,2020;-0,4495;-0,7857;0,0586;0,907
12,2050;-0,4456;-0,7896;0,0586;0,909
12,2060;-0,4416;-0,7896;0,0664;0,907
12,2080;-0,4378;-0,7935;0,0664;0,909
12,2110;-0,4339;-0,7973;0,0742;0,911
12,2210;-0,4260;-0,8013;0,0782;0,911
12,2670;-0,4221;-0,8013;0,0782;0,909
12,2710;-0,4183;-0,8013;0,0859;0,908
12,2740;-0,4143;-0,7973;0,0820;0,902
12,2750;-0,4065;-0,7935;0,0859;0,896
12,2770;-0,4026;-0,7857;0,0782;0,886
12,2850;-0,4026;-0,7779;0,0820;0,880
12,2900;-0,3948;-0,7740;0,0782;0,872
12,3030;-0,3948;-0,7622;0,0742;0,862
12,3140;-0,3948;-0,7583;0,0664;0,857
12,3300;-0,3987;-0,7544;0,0624;0,856
12,3330;-0,3987;-0,7505;0,0624;0,852
12,3420;-0,4026;-0,7388;0,0624;0,844
12,3510;-0,3948;-0,7349;0,0586;0,836
12,3950;-0,3948;-0,7232;0,0586;0,826
12,3980;-0,3948;-0,7192;0,0547;0,822
12,4000;-0,3948;-0,7074;0,0624;0,813
12,4030;-0,3908;-0,6957;0,0586;0,800
12,4110;-0,3948;-0,6918;0,0624;0,799
12,4210;-0,3948;-0,6957;0,0664;0,803
12,4300;-0,3948;-0,6997;0,0703;0,806
12,4430;-0,3987;-0,7074;0,0742;0,815
12,4550;-0,4026;-0,7153;0,0742;0,824
12,4600;-0,4026;-0,7270;0,0703;0,834
12,5100;-0,4026;-0,7388;0,0742;0,845
12,5120;-0,4065;-0,7505;0,0703;0,856
12,5130;-0,4143;-0,7622;0,0664;0,870
12,5280;-0,4143;-0,7779;0,0624;0,884
12,5350;-0,4183;-0,7857;0,0624;0,892
12,5370;-0,4183;-0,7973;0,0547;0,902
12,5410;-0,4221;-0,8091;0,0508;0,914
12,5420;-0,4260;-0,8131;0,0547;0,920
12,5520;-0,4260;-0,8248;0,0547;0,930
12,5630;-0,4339;-0,8287;0,0586;0,937
12,5700;-0,4339;-0,8326;0,0547;0,940
12,5800;-0,4456;-0,8404;0,0624;0,953
12,5910;-0,4456;-0,8443;0,0664;0,957
12,6430;-0,4573;-0,8482;0,0742;0,966
12,6450;-0,4612;-0,8482;0,0782;0,969
12,6470;-0,4651;-0,8521;0,0820;0,974
12,6490;-0,4768;-0,8521;0,0820;0,980
12,6510;-0,4768;-0,8521;0,0899;0,981
12,6520;-0,4847;-0,8521;0,0859;0,984
12,6650;-0,4924;-0,8482;0,0820;0,984
12,6700;-0,4964;-0,8521;0,0820;0,990
12,6830;-0,5042;-0,8560;0,0782;0,997
12,6900;-0,5120;-0,8716;0,0703;1,013
12,7390;-0,5159;-0,8795;0,0664;1,022
12,7410;-0,5277;-0,8951;0,0586;1,041
12,7450;-0,5277;-0,9107;0,0547;1,054
12,7460;-0,5355;-0,9303;0,0508;1,075
12,7480;-0,5472;-0,9498;0,0508;1,097
12,7560;-0,5472;-0,9733;0,0547;1,118
12,7600;-0,5511;-0,9890;0,0624;1,134
12,7700;-0,5550;-1,0085;0,0703;1,153
12,8240;-0,5590;-1,0202;0,0703;1,165
12,8260;-0,5629;-1,0398;0,0859;1,185
12,8300;-0,5667;-1,0476;0,0859;1,194
12,8320;-0,5707;-1,0593;0,0977;1,207
12,8340;-0,5746;-1,0593;0,0977;1,209
12,8350;-0,5863;-1,0671;0,1055;1,222
12,8430;-0,5863;-1,0632;0,1016;1,218
12,8530;-0,5941;-1,0671;0,0977;1,225
12,8600;-0,6019;-1,0671;0,0938;1,229
12,8700;-0,6058;-1,0632;0,0899;1,227
12,9250;-0,6176;-1,0554;0,0820;1,226
12,9280;-0,6137;-1,0515;0,0782;1,220
12,9310;-0,6254;-1,0437;0,0742;1,219
12,9320;-0,6293;-1,0398;0,0742;1,218
12,9340;-0,6293;-1,0437;0,0782;1,221
12,9440;-0,6293;-1,0515;0,0820;1,228
13,7890;-0,6332;-1,0632;0,0859;1,240
13,7910;-0,6332;-1,0789;0,0938;1,254
13,7920;-0,6371;-1,0984;0,0977;1,274
13,7930;-0,6410;-1,1140;0,1055;1,290
13,7950;-0,6449;-1,1297;0,1055;1,305
13,7970;-0,6449;-1,1453;0,1055;1,319
13,7990;-0,6410;-1,1532;0,1016;1,323
13,8010;-0,6410;-1,1570;0,0977;1,326
13,8020;-0,6449;-1,1570;0,0938;1,328
13,8040;-0,6371;-1,1532;0,0938;1,321
13,8060;-0,6332;-1,1453;0,0899;1,312
13,8070;-0,6332;-1,1374;0,0859;1,305
13,8100;-0,4026;-0,7817;0,0742;0,882
13,8110;-0,4104;-0,7857;0,0742;0,890
13,8130;-0,4143;-0,7935;0,0782;0,899
13,8240;-0,4221;-0,8013;0,0859;0,910
13,8340;-0,4260;-0,8013;0,0899;0,912
13,8840;-0,4221;-0,8013;0,0899;0,910
13,8860;-0,4299;-0,7973;0,0977;0,911
13,8880;-0,4260;-0,7935;0,0977;0,906
13,8900;-0,4339;-0,7935;0,1016;0,910
13,8920;-0,4378;-0,7935;0,0977;0,911
13,8950;-0,4495;-0,7973;0,0977;0,921
13,9090;-0,4573;-0,8013;0,0977;0,928
13,9110;-0,4573;-0,8013;0,1016;0,928
13,9620;-0,4651;-0,8091;0,0977;0,938
13,9640;-0,4691;-0,8131;0,0938;0,943
13,9660;-0,4691;-0,8169;0,0899;0,946
13,9670;-0,4768;-0,8287;0,0899;0,960
13,9710;-0,4807;-0,8404;0,0899;0,972
13,9730;-0,4924;-0,8599;0,0899;0,995
13,9840;-0,4964;-0,8756;0,0859;1,010
13,9910;-0,5003;-0,8990;0,0899;1,033
14,0350;-0,5082;-0,9147;0,0938;1,051
14,0380;-0,5120;-0,9382;0,1016;1,074
14,0400;-0,5199;-0,9498;0,1094;1,088
14,0420;-0,5238;-0,9615;0,1172;1,101
14,0450;-0,5238;-0,9733;0,1211;1,112
14,0560;-0,5277;-0,9811;0,1172;1,120
14,0700;-0,5315;-0,9850;0,1250;1,126
14,0720;-0,5355;-0,9929;0,1290;1,135
14,1190;-0,5472;-1,0007;0,1290;1,148
14,1220;-0,5472;-1,0046;0,1290;1,151
14,1260;-0,5590;-1,0123;0,1250;1,163
14,1280;-0,5629;-1,0123;0,1172;1,164
14,1300;-0,5746;-1,0123;0,1133;1,170
14,1480;-0,5823;-1,0123;0,1016;1,172
14,1500;-0,5863;-1,0046;0,1016;1,168
14,1640;-0,5902;-1,0046;0,1016;1,170
14,1700;-0,5941;-1,0046;0,1055;1,172
14,1870;-0,5981;-1,0123;0,1211;1,182
14,1910;-0,6019;-1,0202;0,1172;1,190
14,2360;-0,6098;-1,0358;0,1290;1,209
14,2400;-0,6098;-1,0476;0,1367;1,220
14,2420;-0,6176;-1,0710;0,1446;1,245
14,2440;-0,6176;-1,0828;0,1446;1,255
14,2450;-0,6215;-1,0984;0,1485;1,271
14,2560;-0,6215;-1,1101;0,1446;1,280
14,2600;-0,6254;-1,1180;0,1446;1,289
14,2720;-0,6254;-1,1257;0,1329;1,295
14,3240;-0,6254;-1,1336;0,1290;1,301
14,3290;-0,6254;-1,1374;0,1250;1,304
14,3310;-0,6254;-1,1374;0,1172;1,303
14,3320;-0,6293;-1,1297;0,1172;1,298
14,3340;-0,6254;-1,1257;0,1172;1,293
14,3350;-0,6293;-1,1218;0,1211;1,292
14,3440;-0,6332;-1,1180;0,1250;1,291
14,3550;-0,6332;-1,1062;0,1329;1,282
14,3600;-0,6332;-1,0984;0,1367;1,275
14,3750;-0,6332;-1,0866;0,1407;1,265
14,4270;-0,6332;-1,0789;0,1407;1,259
14,4310;-0,6293;-1,0671;0,1446;1,247
14,4330;-0,6293;-1,0593;0,1446;1,241
14,4340;-0,6293;-1,0554;0,1446;1,237
14,4360;-0,6254;-1,0554;0,1407;1,235
14,4370;-0,6254;-1,0593;0,1329;1,237
14,4400;-0,6176;-1,0632;0,1329;1,237
14,4500;-0,6176;-1,0710;0,1250;1,243
14,4600;-0,6176;-1,0749;0,1172;1,245
14,4700;-0,6176;-1,0828;0,1172;1,252
14,4810;-0,6098;-1,0828;0,1172;1,248
14,5300;-0,6058;-1,0866;0,1172;1,250
14,5330;-0,6058;-1,0828;0,1250;1,247
14,5350;-0,5941;-1,0789;0,1211;1,238
14,5370;-0,5902;-1,0749;0,1250;1,233
14,5380;-0,5823;-1,0632;0,1329;1,219
14,5400;-0,5823;-1,0515;0,1290;1,209
14,5510;-0,5785;-1,0358;0,1290;1,193
14,5600;-0,5746;-1,0241;0,1250;1,181
14,5730;-0,5707;-1,0085;0,1211;1,165
14,5800;-0,5667;-0,9929;0,1211;1,150
14,5910;-0,5629;-0,9850;0,1133;1,140
14,6000;-0,5590;-0,9577;0,1055;1,114
14,6520;-0,5511;-0,9459;0,1016;1,099
14,6540;-0,5433;-0,9224;0,0938;1,075
14,6560;-0,5394;-0,9147;0,0899;1,066
14,6580;-0,5315;-0,8990;0,0899;1,048
14,6650;-0,5277;-0,8990;0,0899;1,046
14,6670;-0,5277;-0,8951;0,0859;1,043
14,6750;-0,5199;-0,8990;0,0899;1,042
15,4240;-0,5159;-0,8951;0,0977;1,038
15,4260;-0,5199;-0,9030;0,0977;1,047
15,4270;-0,5082;-0,9030;0,1055;1,041
15,4290;-0,5003;-0,8951;0,1055;1,031
15,4310;-0,4924;-0,8873;0,1055;1,020
15,4320;-0,4807;-0,8795;0,1055;1,008
15,4340;-0,4691;-0,8678;0,1016;0,992
15,4350;-0,4612;-0,8599;0,0938;0,980
15,4370;-0,4612;-0,8560;0,0899;0,977
15,4390;-0,4612;-0,8521;0,0820;0,972
15,4400;-0,4612;-0,8482;0,0742;0,968
15,4420;-0,4534;-0,8326;0,0703;0,951
15,4430;-0,5707;-0,9655;0,0782;1,124
15,4450;-0,5746;-0,9772;0,0859;1,137
15,4570;-0,5823;-0,9890;0,0899;1,151
15,4600;-0,5863;-1,0007;0,0938;1,164
15,5170;-0,5863;-1,0163;0,1016;1,178
15,5200;-0,5981;-1,0437;0,1055;1,208
15,5210;-0,6019;-1,0476;0,1055;1,213
15,5250;-0,6019;-1,0632;0,1055;1,226
15,5270;-0,6019;-1,0749;0,1055;1,236
15,5290;-0,6058;-1,0789;0,1016;1,241
15,5300;-0,6098;-1,0866;0,0938;1,250
15,5730;-0,6137;-1,0945;0,0899;1,258
15,5880;-0,6137;-1,0945;0,0859;1,258
15,5930;-0,6176;-1,1023;0,0899;1,267
15,5960;-0,6254;-1,0984;0,0859;1,267
15,5970;-0,6254;-1,0945;0,0859;1,263
15,6020;-0,6293;-1,0906;0,0899;1,262
15,6050;-0,6332;-1,0866;0,0938;1,261
15,6150;-0,6293;-1,0789;0,0977;1,253
15,6200;-0,6371;-1,0710;0,1016;1,250
15,6890;-0,6293;-1,0671;0,1055;1,243
15,6940;-0,6332;-1,0632;0,1055;1,242
15,6990;-0,6332;-1,0632;0,1094;1,242
15,7010;-0,6293;-1,0593;0,1094;1,237
15,7020;-0,6332;-1,0632;0,1094;1,242
15,7040;-0,6293;-1,0671;0,1016;1,243
15,7050;-0,6293;-1,0749;0,0977;1,249
15,7080;-0,6293;-1,0789;0,0977;1,253
15,7100;-0,6254;-1,0906;0,0938;1,261
15,7740;-0,6254;-1,0945;0,0938;1,264
15,7780;-0,6254;-1,0984;0,0899;1,267
15,7800;-0,6215;-1,0984;0,0977;1,266
15,7810;-0,6176;-1,1023;0,0977;1,267
15,7830;-0,6137;-1,0984;0,0977;1,262
15,7840;-0,6098;-1,0945;0,0938;1,256
15,7860;-0,6098;-1,0866;0,1055;1,251
15,7950;-0,6058;-1,0828;0,1055;1,245
15,8000;-0,6019;-1,0671;0,1055;1,230
15,8110;-0,5981;-1,0554;0,1094;1,218
15,8260;-0,5941;-1,0437;0,1055;1,206
15,8300;-0,5941;-1,0319;0,1055;1,195
15,8440;-0,5981;-1,0202;0,0977;1,187
15,8940;-0,5902;-1,0123;0,0977;1,176
15,8970;-0,5863;-0,9967;0,0938;1,160
15,9000;-0,5785;-0,9811;0,0899;1,143
15,9010;-0,5746;-0,9694;0,0859;1,130
15,9040;-0,5667;-0,9538;0,0820;1,112
15,9060;-0,5590;-0,9459;0,0820;1,102
15,9140;-0,5550;-0,9420;0,0859;1,097
15,9470;-0,5511;-0,9498;0,0899;1,102
15,9500;-0,5511;-0,9538;0,0899;1,105
15,9510;-0,5472;-0,9577;0,0977;1,107
15,9530;-0,5394;-0,9577;0,0977;1,103
15,9660;-0,5355;-0,9538;0,1016;1,099
15,9700;-0,5277;-0,9538;0,1016;1,095
15,9850;-0,5159;-0,9342;0,1016;1,072
15,9900;-0,5082;-0,9303;0,0977;1,065
16,0440;-0,5003;-0,9186;0,0977;1,051
16,0460;-0,5003;-0,9107;0,0938;1,043
16,0470;-0,4964;-0,9068;0,0899;1,038
16,0490;-0,4651;-0,8560;0,0820;0,978
16,0510;-0,4768;-0,8716;0,0820;0,997
16,0540;-0,5003;-0,8912;0,0899;1,026
16,0610;-0,5042;-0,9030;0,0782;1,037
16,0890;-0,5042;-0,8951;0,0782;1,030
16,0930;-0,4924;-0,8716;0,0782;1,004
16,0960;-0,4651;-0,8208;0,0703;0,946
16,1100;-0,4495;-0,7935;0,0782;0,915
16,1120;-0,4416;-0,7700;0,0742;0,891
16,1620;-0,4378;-0,7622;0,0742;0,882
16,1650;-0,4378;-0,7622;0,0782;0,882
16,1660;-0,4456;-0,7740;0,0820;0,897
16,1700;-0,4534;-0,7817;0,0899;0,908
16,1720;-0,4495;-0,7857;0,0899;0,910
16,1730;-0,4456;-0,7779;0,0859;0,901
16,1810;-0,4378;-0,7740;0,0899;0,894
16,1960;-0,4221;-0,7622;0,0859;0,876
16,2000;-0,4183;-0,7583;0,0859;0,870
16,2100;-0,4143;-0,7583;0,0820;0,868
16,2620;-0,4143;-0,7583;0,0782;0,868
16,2660;-0,4143;-0,7661;0,0782;0,874
16,2680;-0,4143;-0,7700;0,0820;0,878
16,2700;-0,4104;-0,7740;0,0782;0,880
16,2710;-0,4143;-0,7740;0,0782;0,881
16,2800;-0,4143;-0,7700;0,0742;0,878
16,2990;-0,4104;-0,7622;0,0782;0,869
16,3010;-0,4104;-0,7583;0,0742;0,865
16,3140;-0,4065;-0,7544;0,0782;0,861
17,0920;-0,4026;-0,7505;0,0782;0,855
17,0930;-0,4104;-0,7465;0,0742;0,855
17,0950;-0,4104;-0,7505;0,0782;0,859
17,0960;-0,4104;-0,7465;0,0782;0,855
17,0980;-0,4143;-0,7388;0,0782;0,851
17,1000;-0,4143;-0,7349;0,0820;0,848
17,1010;-0,4183;-0,7309;0,0782;0,846
17,1030;-0,4143;-0,7309;0,0820;0,844
17,1050;-0,4143;-0,7309;0,0782;0,844
17,1060;-0,4183;-0,7309;0,0742;0,845
17,1080;-0,4221;-0,7349;0,0782;0,851
17,1160;-0,4221;-0,7388;0,0782;0,854
17,1200;-0,5981;-1,0241;0,1055;1,191
17,1320;-0,5981;-1,0123;0,1055;1,181
17,1330;-0,5941;-1,0046;0,0977;1,171
17,1930;-0,5863;-0,9967;0,0977;1,161
17,1960;-0,5863;-0,9967;0,0938;1,160
17,1970;-0,5785;-0,9929;0,0977;1,153
17,2010;-0,5707;-0,9890;0,0977;1,146
17,2020;-0,5707;-0,9850;0,1016;1,143
17,2040;-0,5629;-0,9890;0,0977;1,142
17,2060;-0,5590;-0,9890;0,1016;1,141
17,2140;-0,5590;-0,9890;0,1055;1,141
17,2200;-0,5511;-0,9890;0,1055;1,137
17,2720;-0,5433;-0,9811;0,1055;1,126
17,2750;-0,5394;-0,9811;0,1055;1,125
17,2770;-0,5315;-0,9733;0,1016;1,114
17,2790;-0,5315;-0,9577;0,0977;1,100
17,2810;-0,5277;-0,9538;0,0938;1,094
17,2820;-0,5238;-0,9420;0,0899;1,082
17,2900;-0,5199;-0,9382;0,0899;1,076
17,3360;-0,5159;-0,9303;0,0820;1,067
17,3400;-0,5120;-0,9147;0,0820;1,051
17,3420;-0,5082;-0,8990;0,0820;1,036
17,3440;-0,5003;-0,8795;0,0782;1,015
17,3450;-0,4964;-0,8716;0,0782;1,006
17,3540;-0,4924;-0,8599;0,0782;0,994
17,3610;-0,4886;-0,8521;0,0742;0,985
17,3710;-0,4807;-0,8365;0,0820;0,968
17,4140;-0,4730;-0,8287;0,0859;0,958
17,4180;-0,4651;-0,8208;0,0859;0,947
17,4220;-0,4651;-0,8169;0,0820;0,944
17,4240;-0,4612;-0,8208;0,0859;0,945
17,4310;-0,4573;-0,8169;0,0859;0,940
17,4430;-0,4495;-0,8169;0,0820;0,936
17,4550;-0,4456;-0,8131;0,0782;0,930
17,4600;-0,4416;-0,8091;0,0782;0,925
17,4700;-0,4339;-0,8091;0,0782;0,921
17,4820;-0,4339;-0,8013;0,0703;0,914
17,4910;-0,4339;-0,8013;0,0742;0,914
17,5010;-0,4260;-0,8013;0,0703;0,910
17,5120;-0,4299;-0,7973;0,0703;0,909
17,5200;-0,4299;-0,8013;0,0703;0,912
17,5310;-0,4260;-0,7973;0,0703;0,907
17,5760;-0,4260;-0,7896;0,0742;0,900
17,5850;-0,4221;-0,7857;0,0703;0,895
17,5870;-0,4143;-0,7740;0,0703;0,881
17,5940;-0,4183;-0,7661;0,0742;0,876
17,5960;-0,4143;-0,7622;0,0782;0,871
17,6020;-0,4143;-0,7583;0,0742;0,867
17,6040;-0,4183;-0,7505;0,0782;0,863
17,6140;-0,4183;-0,7505;0,0742;0,862
17,6200;-0,4183;-0,7465;0,0782;0,859
17,6300;-0,4183;-0,7427;0,0742;0,856
17,6400;-0,4143;-0,7465;0,0742;0,857
17,6500;-0,4183;-0,7427;0,0742;0,856
17,6950;-0,4183;-0,7427;0,0703;0,855
17,6980;-0,4183;-0,7465;0,0664;0,858
17,7000;-0,4183;-0,7505;0,0703;0,862
17,7030;-0,4221;-0,7544;0,0664;0,867
17,7050;-0,4221;-0,7622;0,0664;0,874
17,7130;-0,4260;-0,7661;0,0664;0,879
17,7200;-0,4260;-0,7779;0,0664;0,889
17,7300;-0,4260;-0,7857;0,0664;0,896
17,7810;-0,4260;-0,7935;0,0703;0,903
17,7830;-0,4339;-0,7973;0,0742;0,911
17,7850;-0,4339;-0,8013;0,0782;0,915
17,7880;-0,4378;-0,8131;0,0742;0,926
17,7900;-0,4416;-0,8169;0,0782;0,932
17,7920;-0,4416;-0,8248;0,0782;0,939
17,8070;-0,4456;-0,8287;0,0820;0,944
17,8100;-0,4495;-0,8326;0,0820;0,950
17,8200;-0,4534;-0,8365;0,0782;0,955
17,8300;-0,4573;-0,8404;0,0820;0,960
17,8810;-0,4573;-0,8404;0,0782;0,960
17,8840;-0,4651;-0,8443;0,0782;0,967
17,8860;-0,4691;-0,8521;0,0782;0,976
17,8880;-0,4768;-0,8482;0,0742;0,976
17,8900;-0,4807;-0,8521;0,0742;0,981
17,9000;-0,4886;-0,8599;0,0703;0,991
17,9120;-0,4964;-0,8639;0,0742;0,999
17,9270;-0,5003;-0,8678;0,0742;1,004
17,9300;-0,5042;-0,8795;0,0820;1,017
17,9470;-0,5082;-0,8873;0,0820;1,026
17,9500;-0,5120;-0,9030;0,0899;1,042
18,0000;-0,5159;-0,9107;0,0938;1,051
18,0040;-0,5277;-0,9224;0,0938;1,067
18,0060;-0,5277;-0,9382;0,0977;1,081
18,0080;-0,5355;-0,9538;0,0977;1,098
18,0100;-0,5355;-0,9615;0,0977;1,105
18,8350;-0,5394;-0,9733;0,0977;1,117
18,8360;-0,5433;-0,9811;0,0977;1,126
18,8390;-0,5472;-0,9929;0,0977;1,138
18,8410;-0,5550;-0,9967;0,0977;1,145
18,8430;-0,5550;-1,0046;0,0977;1,152
18,8440;-0,5590;-1,0123;0,0977;1,161
18,8460;-0,5667;-1,0163;0,0938;1,167
18,8470;-0,5707;-1,0163;0,0977;1,170
18,8490;-0,5707;-1,0163;0,0938;1,169
18,8510;-0,5746;-1,0202;0,0938;1,175
18,8530;-0,5785;-1,0163;0,1055;1,174
18,8540;-0,5863;-1,0202;0,1016;1,181
18,8560;-0,4221;-0,7505;0,0742;0,864
18,8570;-0,4221;-0,7427;0,0742;0,857
18,8700;-0,4221;-0,7388;0,0742;0,854
18,8720;-0,4260;-0,7388;0,0703;0,856
18,8800;-0,4221;-0,7349;0,0703;0,850
18,8900;-0,4260;-0,7309;0,0664;0,849
18,9460;-0,4183;-0,7309;0,0703;0,845
18,9480;-0,4183;-0,7309;0,0664;0,845
18,9500;-0,4221;-0,7349;0,0664;0,850
18,9530;-0,4183;-0,7388;0,0664;0,852
18,9610;-0,4183;-0,7427;0,0664;0,855
19,0110;-0,4221;-0,7505;0,0664;0,864
19,0130;-0,4221;-0,7583;0,0664;0,870
19,0150;-0,4221;-0,7583;0,0742;0,871
19,0170;-0,4221;-0,7661;0,0664;0,877
19,0190;-0,4221;-0,7700;0,0703;0,881
19,0240;-0,4260;-0,7740;0,0782;0,887
19,0360;-0,4299;-0,7740;0,0742;0,888
19,0400;-0,4299;-0,7817;0,0742;0,895
19,0500;-0,4339;-0,7817;0,0742;0,897
19,0710;-0,4378;-0,7896;0,0782;0,906
19,0800;-0,4416;-0,7896;0,0742;0,908
19,1300;-0,4456;-0,7896;0,0742;0,910
19,1340;-0,4495;-0,7935;0,0742;0,915
19,1360;-0,4495;-0,7896;0,0703;0,911
19,1370;-0,4573;-0,7973;0,0703;0,922
19,1390;-0,4612;-0,7973;0,0703;0,924
19,1410;-0,4651;-0,8013;0,0742;0,929
19,1520;-0,4691;-0,8052;0,0703;0,935
19,1600;-0,4691;-0,8091;0,0703;0,938
19,1750;-0,4768;-0,8169;0,0742;0,949
19,1800;-0,4768;-0,8248;0,0782;0,956
19,1950;-0,4807;-0,8287;0,0782;0,961
19,2010;-0,4886;-0,8443;0,0782;0,979
19,2450;-0,4886;-0,8521;0,0859;0,986
19,2470;-0,4964;-0,8678;0,0859;1,003
19,2490;-0,5042;-0,8756;0,0899;1,014
19,2520;-0,5042;-0,8951;0,0899;1,031
19,2540;-0,5082;-0,8990;0,0899;1,037
19,2620;-0,5159;-0,9147;0,0938;1,054
19,2710;-0,5199;-0,9224;0,0859;1,062
19,2800;-0,5238;-0,9342;0,0859;1,074
19,3290;-0,5277;-0,9382;0,0859;1,080
19,3330;-0,5355;-0,9498;0,0859;1,094
19,3350;-0,5355;-0,9538;0,0859;1,097
19,3370;-0,5433;-0,9577;0,0859;1,104
19,3390;-0,5433;-0,9615;0,0859;1,108
19,3410;-0,5511;-0,9655;0,0899;1,115
19,3510;-0,5590;-0,9733;0,0899;1,126
19,3600;-0,5667;-0,9733;0,0899;1,130
19,4200;-0,5746;-0,9772;0,0977;1,138
19,4220;-0,5746;-0,9772;0,1016;1,138
19,4250;-0,5746;-0,9811;0,0977;1,141
19,4260;-0,5785;-0,9811;0,1016;1,143
19,4300;-0,5823;-0,9929;0,1016;1,156
19,4310;-0,5863;-1,0007;0,0977;1,164
19,4400;-0,5902;-1,0085;0,0977;1,173
19,4510;-0,5902;-1,0163;0,0938;1,179
19,4640;-0,5981;-1,0319;0,0977;1,197
19,4780;-0,5981;-1,0358;0,0977;1,200
19,4810;-0,6019;-1,0398;0,0977;1,205
19,4920;-0,6019;-1,0554;0,0938;1,219
19,5000;-0,6019;-1,0632;0,1016;1,226
19,5520;-0,6058;-1,0671;0,0977;1,231
19,5550;-0,6058;-1,0710;0,1016;1,235
19,5570;-0,6098;-1,0749;0,1016;1,240
19,5580;-0,6098;-1,0749;0,1055;1,240
19,5600;-0,6137;-1,0749;0,1055;1,242
19,5720;-0,6137;-1,0671;0,1055;1,236
19,5800;-0,6137;-1,0671;0,1016;1,235
19,5900;-0,6137;-1,0593;0,1055;1,229
19,6380;-0,6176;-1,0554;0,0977;1,227
19,6400;-0,6137;-1,0515;0,0977;1,221
19,6420;-0,6137;-1,0437;0,0977;1,215
19,6440;-0,6098;-1,0398;0,0977;1,209
19,6460;-0,6137;-1,0398;0,0938;1,211
19,6540;-0,6098;-1,0358;0,0899;1,205
19,6650;-0,6098;-1,0319;0,0977;1,203
19,6730;-0,6019;-1,0319;0,0977;1,199
19,7040;-0,6019;-1,0319;0,0938;1,198
19,7170;-0,5941;-1,0358;0,0977;1,198
19,7250;-0,5941;-1,0398;0,1016;1,202
19,7390;-0,5941;-1,0437;0,1055;1,206
19,7410;-0,5902;-1,0398;0,1055;1,200
19,7420;-0,5863;-1,0398;0,1016;1,198
19,7830;-0,5823;-1,0319;0,1016;1,189
19,7850;-0,5785;-1,0281;0,0977;1,184
19,7860;-0,5746;-1,0281;0,0977;1,182
20,6550;-0,5667;-1,0123;0,0977;1,164
20,6560;-0,5667;-1,0123;0,0938;1,164
20,6580;-0,5707;-1,0046;0,0938;1,159
20,6600;-0,5629;-0,9929;0,0938;1,145
20,6620;-0,5590;-0,9811;0,0859;1,132
20,6630;-0,5511;-0,9694;0,0859;1,118
20,6650;-0,5472;-0,9538;0,0859;1,103
20,6670;-0,5433;-0,9420;0,0820;1,091
20,6690;-0,5355;-0,9342;0,0859;1,080
20,6700;-0,5277;-0,9186;0,0859;1,063
20,6720;-0,5238;-0,9147;0,0859;1,058
20,6730;-0,5238;-0,9107;0,0899;1,054
20,6750;-0,5433;-0,9420;0,1016;1,092
20,6770;-0,5472;-0,9498;0,1055;1,101
20,6840;-0,5550;-0,9615;0,1016;1,115
20,6960;-0,5550;-0,9655;0,1055;1,119
20,7000;-0,5590;-0,9733;0,1016;1,127
20,7530;-0,5629;-0,9890;0,1055;1,143
20,7560;-0,5667;-0,9929;0,1055;1,148
20,7590;-0,5707;-1,0046;0,1016;1,160
20,7610;-0,5746;-1,0085;0,1016;1,165
20,7620;-0,5746;-1,0202;0,1055;1,176
20,7640;-0,5746;-1,0241;0,1016;1,179
20,8140;-0,5785;-1,0398;0,1016;1,194
20,8170;-0,5823;-1,0398;0,1055;1,196
20,8190;-0,5823;-1,0437;0,1055;1,200
20,8200;-0,5863;-1,0476;0,1055;1,205
20,8240;-0,5902;-1,0476;0,1055;1,207
20,8250;-0,5902;-1,0437;0,1055;1,204
20,8330;-0,5941;-1,0398;0,1055;1,202
20,8400;-0,5902;-1,0398;0,1055;1,200
20,8900;-0,5981;-1,0358;0,1055;1,201
20,8920;-0,5981;-1,0358;0,1094;1,201
20,8950;-0,5981;-1,0319;0,1016;1,197
20,8970;-0,6019;-1,0281;0,1016;1,196
20,9050;-0,5981;-1,0241;0,1016;1,190
20,9530;-0,5981;-1,0319;0,1016;1,197
20,9560;-0,5941;-1,0319;0,1016;1,195
20,9640;-0,5941;-1,0358;0,1055;1,199
20,9650;-0,5941;-1,0398;0,1055;1,202
20,9720;-0,5902;-1,0476;0,1094;1,207
20,9840;-0,5863;-1,0437;0,1094;1,202
21,0390;-0,5823;-1,0476;0,1094;1,204
21,0430;-0,5823;-1,0437;0,1055;1,200
21,0530;-0,5785;-1,0358;0,1055;1,191
21,0550;-0,5746;-1,0358;0,1055;1,189
21,0560;-0,5707;-1,0202;0,0977;1,173
21,0650;-0,5667;-1,0085;0,0899;1,160
21,0760;-0,5667;-1,0046;0,0938;1,157
21,0840;-0,5629;-0,9967;0,0899;1,148
21,0900;-0,5629;-0,9890;0,0899;1,141
21,1000;-0,5590;-0,9811;0,0938;1,133
21,1620;-0,5511;-0,9655;0,0899;1,115
21,1660;-0,5472;-0,9577;0,0899;1,107
21,1670;-0,5433;-0,9459;0,0899;1,095
21,1690;-0,5355;-0,9382;0,0977;1,085
21,1710;-0,5315;-0,9382;0,0977;1,083
21,1720;-0,5277;-0,9382;0,0977;1,081
21,1730;-0,5315;-0,9382;0,0938;1,082
21,1840;-0,5277;-0,9382;0,0977;1,081
21,1900;-0,5199;-0,9382;0,0977;1,077
21,2030;-0,5199;-0,9342;0,0977;1,074
21,2100;-0,5082;-0,9186;0,0899;1,054
21,2220;-0,5042;-0,9224;0,0938;1,055
21,2300;-0,4964;-0,9107;0,0859;1,041
21,2840;-0,4886;-0,9030;0,0820;1,030
21,2870;-0,4886;-0,8990;0,0820;1,026
21,2890;-0,4847;-0,8912;0,0820;1,018
21,2910;-0,4847;-0,8873;0,0820;1,014
21,2920;-0,4612;-0,8521;0,0782;0,972
21,3020;-0,4495;-0,8365;0,0782;0,953
21,3100;-0,4612;-0,8482;0,0782;0,969
21,3530;-0,4691;-0,8678;0,0820;0,990
21,3550;-0,4807;-0,8756;0,0859;1,003
21,3570;-0,4847;-0,8716;0,0820;1,001
21,3580;-0,4651;-0,8443;0,0820;0,967
21,3600;-0,4456;-0,8131;0,0782;0,930
21,3720;-0,4339;-0,7935;0,0782;0,908
21,3800;-0,4299;-0,7779;0,0742;0,892
21,3910;-0,4260;-0,7740;0,0742;0,887
21,4010;-0,4299;-0,7817;0,0703;0,895
21,4100;-0,4378;-0,7973;0,0782;0,913
21,4650;-0,4416;-0,8013;0,0782;0,918
21,4670;-0,4378;-0,8013;0,0742;0,916
21,4700;-0,4378;-0,8052;0,0742;0,920
21,4730;-0,4260;-0,7935;0,0782;0,904
21,4750;-0,4183;-0,7857;0,0742;0,893
21,4760;-0,4183;-0,7779;0,0782;0,887
21,4830;-0,4143;-0,7779;0,0782;0,885
21,5010;-0,4143;-0,7857;0,0742;0,891
21,5100;-0,4143;-0,7896;0,0820;0,895
21,5200;-0,4183;-0,7973;0,0820;0,904
21,5300;-0,4143;-0,7935;0,0820;0,899
21,5830;-0,4143;-0,7896;0,0782;0,895
21,5850;-0,4143;-0,7857;0,0782;0,892
21,6000;-0,4104;-0,7779;0,0742;0,883
21,6020;-0,4104;-0,7740;0,0782;0,880
21,6110;-0,4143;-0,7779;0,0782;0,885
21,6120;-0,4143;-0,7779;0,0742;0,884
21,6180;-0,4183;-0,7817;0,0742;0,890
22,4760;-0,4221;-0,7817;0,0703;0,891
22,4780;-0,4221;-0,7779;0,0742;0,888
22,4800;-0,4221;-0,7779;0,0782;0,888
22,4820;-0,4221;-0,7740;0,0782;0,885
22,4830;-0,4260;-0,7779;0,0782;0,890
22,4850;-0,4299;-0,7817;0,0820;0,896
22,4860;-0,4339;-0,7896;0,0859;0,905
22,4880;-0,4339;-0,7896;0,0899;0,905
22,4910;-0,4378;-0,8013;0,0938;0,918
22,4920;-0,4416;-0,8013;0,0938;0,920
22,4940;-0,4416;-0,8131;0,0938;0,930
22,4950;-0,4416;-0,8131;0,0977;0,930
22,4970;-0,5199;-0,9538;0,0899;1,090
22,4990;-0,5082;-0,9459;0,0899;1,078
22,5010;-0,5120;-0,9459;0,0899;1,079
22,5120;-0,5042;-0,9382;0,0899;1,069
22,5200;-0,5003;-0,9303;0,0899;1,060
22,5300;-0,4964;-0,9224;0,0859;1,051
22,5430;-0,4886;-0,9107;0,0899;1,037
22,5880;-0,4847;-0,9068;0,0899;1,032
22,6010;-0,4886;-0,9030;0,0820;1,030
22,6070;-0,4807;-0,8951;0,0859;1,020
22,6110;-0,4768;-0,8873;0,0859;1,011
22,6120;-0,4730;-0,8795;0,0859;1,002
22,6160;-0,4730;-0,8678;0,0859;0,992
22,6170;-0,4651;-0,8560;0,0820;0,978
22,6270;-0,4612;-0,8521;0,0820;0,972
22,6300;-0,4573;-0,8404;0,0782;0,960
22,6400;-0,4495;-0,8287;0,0782;0,946
22,7020;-0,4456;-0,8248;0,0782;0,941
22,7040;-0,4416;-0,8208;0,0782;0,935
22,7060;-0,4416;-0,8248;0,0782;0,939
22,7080;-0,4378;-0,8169;0,0820;0,930
22,7100;-0,4339;-0,8169;0,0820;0,929
22,7200;-0,4299;-0,8131;0,0820;0,923
22,7300;-0,4299;-0,8169;0,0820;0,927
22,7740;-0,4260;-0,8131;0,0782;0,921
22,7790;-0,4221;-0,8091;0,0859;0,917
22,7810;-0,4183;-0,8052;0,0820;0,911
22,7820;-0,4143;-0,8052;0,0859;0,910
22,7830;-0,4143;-0,7973;0,0820;0,902
22,7920;-0,4104;-0,7973;0,0820;0,901
22,8010;-0,4143;-0,8013;0,0820;0,906
22,8110;-0,4143;-0,8013;0,0782;0,905
22,8210;-0,4104;-0,7935;0,0742;0,896
22,8310;-0,4104;-0,7896;0,0742;0,893
22,8400;-0,4065;-0,7857;0,0742;0,888
22,8920;-0,4104;-0,7817;0,0742;0,886
22,8930;-0,4104;-0,7779;0,0703;0,882
22,8960;-0,4104;-0,7779;0,0742;0,883
22,8980;-0,4104;-0,7740;0,0742;0,879
22,9010;-0,4065;-0,7740;0,0742;0,877
22,9030;-0,4143;-0,7740;0,0782;0,881
22,9110;-0,4143;-0,7740;0,0820;0,882
22,9240;-0,4143;-0,7779;0,0820;0,885
22,9300;-0,4183;-0,7779;0,0820;0,887
22,9840;-0,4221;-0,7817;0,0859;0,893
22,9860;-0,4221;-0,7857;0,0899;0,896
22,9880;-0,4221;-0,7896;0,0899;0,900
22,9900;-0,4260;-0,7973;0,0899;0,908
22,9910;-0,4221;-0,8013;0,0899;0,910
23,0070;-0,4260;-0,8052;0,0899;0,915
23,0100;-0,4299;-0,8131;0,0899;0,924
23,0200;-0,4299;-0,8169;0,0859;0,927
23,0310;-0,4339;-0,8248;0,0899;0,936
23,0410;-0,4378;-0,8287;0,0859;0,941
23,0500;-0,4416;-0,8326;0,0859;0,946
23,0600;-0,4416;-0,8365;0,0820;0,950
23,1230;-0,4456;-0,8404;0,0820;0,955
23,1280;-0,4495;-0,8482;0,0820;0,963
23,1320;-0,4534;-0,8521;0,0859;0,969
23,1360;-0,4573;-0,8560;0,0859;0,974
23,1430;-0,4612;-0,8560;0,0899;0,977
23,1510;-0,4651;-0,8599;0,0899;0,982
23,1520;-0,4730;-0,8639;0,0859;0,989
23,1540;-0,4768;-0,8639;0,0899;0,991
23,1550;-0,4807;-0,8678;0,0899;0,996
23,1640;-0,4847;-0,8716;0,0899;1,001
23,1740;-0,4847;-0,8795;0,0899;1,008
23,1800;-0,4886;-0,8873;0,0938;1,017
23,2240;-0,4924;-0,8951;0,0977;1,026
23,2260;-0,4964;-0,8951;0,0977;1,028
23,2290;-0,5003;-0,9030;0,0938;1,037
23,2310;-0,5082;-0,9107;0,0938;1,047
23,2340;-0,5082;-0,9224;0,0977;1,058
23,2420;-0,5120;-0,9303;0,0977;1,066
23,2500;-0,5159;-0,9420;0,0977;1,078
23,2600;-0,5199;-0,9498;0,1016;1,088
23,3110;-0,5238;-0,9577;0,0977;1,096
23,3130;-0,5277;-0,9694;0,0977;1,108
23,3150;-0,5277;-0,9733;0,0977;1,111
23,3170;-0,5355;-0,9811;0,1016;1,122
23,3190;-0,5355;-0,9850;0,1016;1,126
23,3210;-0,5433;-0,9929;0,1016;1,136
23,3400;-0,5511;-1,0007;0,1016;1,147
23,3850;-0,5550;-1,0007;0,0938;1,148
23,3890;-0,5590;-1,0046;0,0977;1,154
23,3910;-0,5629;-1,0046;0,0938;1,155
23,4030;-0,5667;-1,0046;0,0977;1,158
23,4150;-0,5707;-1,0046;0,0977;1,160
24,1920;-0,5707;-1,0085;0,0977;1,163
24,1930;-0,5707;-1,0163;0,1016;1,170
24,1950;-0,5746;-1,0163;0,0977;1,172
24,1960;-0,5785;-1,0202;0,1055;1,178
24,1980;-0,5746;-1,0241;0,1055;1,179
24,2000;-0,5746;-1,0281;0,1055;1,182
24,2010;-0,5746;-1,0358;0,1055;1,189
24,2030;-0,5746;-1,0437;0,1094;1,196
24,2040;-0,5785;-1,0476;0,1094;1,202
24,2050;-0,5746;-1,0476;0,1094;1,200
24,2070;-0,5746;-1,0515;0,1055;1,203
24,2090;-0,5746;-1,0554;0,1016;1,206
24,2110;-0,4026;-0,7661;0,0782;0,869
24,2120;-0,4026;-0,7661;0,0742;0,869
24,2230;-0,4026;-0,7740;0,0782;0,876
24,2330;-0,4104;-0,7817;0,0820;0,887
24,2830;-0,4143;-0,7935;0,0820;0,899
24,2880;-0,4221;-0,8013;0,0782;0,909
24,2900;-0,4183;-0,8013;0,0820;0,908
24,2910;-0,4143;-0,7973;0,0820;0,902
24,2920;-0,4143;-0,8013;0,0820;0,906
24,3000;-0,4183;-0,8091;0,0820;0,914
24,3530;-0,4260;-0,8208;0,0820;0,928
24,3560;-0,4299;-0,8248;0,0782;0,933
24,3580;-0,4378;-0,8326;0,0782;0,944
24,3600;-0,4339;-0,8365;0,0820;0,946
24,3610;-0,4378;-0,8404;0,0782;0,951
24,3630;-0,4416;-0,8404;0,0820;0,953
24,3710;-0,4378;-0,8404;0,0782;0,951
24,4230;-0,4416;-0,8404;0,0742;0,952
24,4250;-0,4456;-0,8482;0,0742;0,961
24,4270;-0,4573;-0,8560;0,0742;0,973
24,4290;-0,4612;-0,8599;0,0820;0,979
24,4330;-0,4651;-0,8678;0,0742;0,987
24,4340;-0,4691;-0,8716;0,0782;0,993
24,4410;-0,4730;-0,8756;0,0820;0,999
24,4510;-0,4730;-0,8795;0,0782;1,002
24,4630;-0,4768;-0,8834;0,0820;1,007
24,4730;-0,4768;-0,8873;0,0899;1,011
24,4800;-0,4886;-0,8990;0,0859;1,027
24,4920;-0,4886;-0,9068;0,0899;1,034
24,5000;-0,4924;-0,9224;0,0899;1,050
24,5100;-0,5003;-0,9303;0,0938;1,060
24,5610;-0,5082;-0,9420;0,0859;1,074
24,5640;-0,5042;-0,9459;0,0859;1,075
24,5650;-0,5082;-0,9615;0,0899;1,091
24,5670;-0,5082;-0,9615;0,0859;1,091
24,5720;-0,5120;-0,9733;0,0899;1,103
24,5730;-0,5159;-0,9772;0,0899;1,109
24,5860;-0,5238;-0,9890;0,0859;1,122
24,5900;-0,5238;-0,9929;0,0859;1,126
24,6050;-0,5315;-1,0007;0,0820;1,136
24,6610;-0,5315;-1,0046;0,0820;1,139
24,6630;-0,5355;-1,0123;0,0820;1,148
24,6660;-0,5394;-1,0123;0,0859;1,150
24,6680;-0,5433;-1,0123;0,0820;1,152
24,6700;-0,5472;-1,0202;0,0859;1,161
24,6720;-0,5511;-1,0163;0,0820;1,159
24,6740;-0,5511;-1,0202;0,0899;1,163
24,7290;-0,5590;-1,0241;0,0859;1,170
24,7310;-0,5550;-1,0319;0,0899;1,175
24,7330;-0,5590;-1,0319;0,0899;1,177
24,7340;-0,5590;-1,0358;0,0938;1,181
24,7360;-0,5629;-1,0398;0,0938;1,186
24,7400;-0,5590;-1,0437;0,0938;1,188
24,7500;-0,5590;-1,0515;0,0938;1,195
24,7610;-0,5667;-1,0554;0,0899;1,201
24,7700;-0,5667;-1,0632;0,0938;1,208
24,7810;-0,5629;-1,0632;0,0899;1,206
24,7930;-0,5667;-1,0671;0,0938;1,212
24,8000;-0,5629;-1,0671;0,0938;1,210
24,8450;-0,5667;-1,0671;0,0938;1,212
24,8480;-0,5629;-1,0671;0,0938;1,210
24,8500;-0,5590;-1,0593;0,0859;1,201
24,8660;-0,5629;-1,0554;0,0899;1,199
24,8710;-0,5629;-1,0515;0,0899;1,196
24,8800;-0,5629;-1,0476;0,0899;1,193
24,8900;-0,5629;-1,0437;0,0899;1,189
24,9370;-0,5590;-1,0398;0,0899;1,184
24,9410;-0,5550;-1,0319;0,0859;1,175
24,9430;-0,5550;-1,0241;0,0859;1,168
24,9450;-0,5511;-1,0163;0,0899;1,160
24,9460;-0,5511;-1,0123;0,0938;1,156
24,9570;-0,5472;-1,0085;0,0938;1,151
24,9600;-0,5472;-1,0046;0,0899;1,148
24,9710;-0,5472;-1,0085;0,0938;1,151
24,9800;-0,5394;-1,0046;0,0938;1,144
24,9900;-0,5394;-1,0007;0,0938;1,141
25,0350;-0,5355;-1,0007;0,0938;1,139
25,0380;-0,5315;-0,9929;0,0938;1,130
25,0410;-0,5238;-0,9890;0,0938;1,123
25,0440;-0,5238;-0,9850;0,0938;1,120
25,0450;-0,5199;-0,9811;0,0899;1,114
25,0540;-0,5159;-0,9772;0,0938;1,109
25,0620;-0,5120;-0,9733;0,0899;1,103
25,0730;-0,5082;-0,9655;0,0899;1,095
25,0860;-0,5042;-0,9538;0,0859;1,082
25,0900;-0,5042;-0,9498;0,0859;1,079
25,1050;-0,5003;-0,9382;0,0859;1,067
25,1100;-0,4964;-0,9303;0,0820;1,058
25,9700;-0,4847;-0,9186;0,0859;1,042
25,9720;-0,4847;-0,9107;0,0820;1,035
25,9740;-0,4847;-0,9030;0,0820;1,028
25,9750;-0,4807;-0,8990;0,0859;1,023
25,9770;-0,4768;-0,8873;0,0859;1,011
25,9780;-0,4768;-0,8834;0,0820;1,007
25,9800;-0,4730;-0,8756;0,0820;0,999
25,9810;-0,4691;-0,8716;0,0820;0,993
25,9830;-0,4612;-0,8599;0,0859;0,980
25,9840;-0,4573;-0,8521;0,0859;0,971
25,9860;-0,4495;-0,8482;0,0859;0,964
25,9870;-0,4495;-0,8482;0,0820;0,963
25,9890;-0,5550;-1,0007;0,0859;1,148
25,9910;-0,5590;-1,0046;0,0899;1,153
26,0010;-0,5590;-1,0046;0,0859;1,153
26,0100;-0,5629;-1,0123;0,0859;1,161
26,0640;-0,5629;-1,0163;0,0938;1,166
26,0670;-0,5667;-1,0202;0,0899;1,171
26,0700;-0,5667;-1,0241;0,0938;1,174
26,0720;-0,5667;-1,0319;0,0938;1,181
26,1130;-0,5707;-1,0358;0,0938;1,186
26,1160;-0,5667;-1,0358;0,0938;1,184
26,1190;-0,5707;-1,0319;0,0938;1,183
26,1200;-0,5667;-1,0281;0,0938;1,178
26,1220;-0,5667;-1,0319;0,0938;1,181
26,2050;-0,5629;-1,0241;0,0899;1,172
26,2080;-0,5667;-1,0202;0,0938;1,171
26,2100;-0,5667;-1,0241;0,0938;1,174
26,2110;-0,5667;-1,0163;0,0938;1,167
26,2130;-0,5667;-1,0123;0,0938;1,164
26,2140;-0,5629;-1,0085;0,0938;1,159
26,2160;-0,5667;-1,0007;0,0938;1,154
26,2170;-0,5629;-1,0007;0,0977;1,152
26,2190;-0,5590;-0,9967;0,0977;1,147
26,2230;-0,5629;-0,9929;0,1016;1,146
26,2310;-0,5590;-0,9929;0,1016;1,144
26,2800;-0,5590;-0,9890;0,1055;1,141
26,2820;-0,5550;-0,9890;0,1016;1,139
26,2840;-0,5511;-0,9850;0,1016;1,133
26,2860;-0,5472;-0,9811;0,1055;1,128
26,2870;-0,5433;-0,9772;0,1055;1,123
26,2910;-0,5394;-0,9733;0,1016;1,117
26,3000;-0,5394;-0,9694;0,1016;1,114
26,3520;-0,5394;-0,9733;0,1016;1,117
26,3550;-0,5355;-0,9733;0,0977;1,115
26,3570;-0,5315;-0,9655;0,0977;1,106
26,3600;-0,5277;-0,9615;0,0938;1,101
26,3620;-0,5277;-0,9538;0,0938;1,094
26,3630;-0,5199;-0,9382;0,0938;1,077
26,3710;-0,5159;-0,9342;0,0938;1,071
26,4210;-0,5159;-0,9224;0,0938;1,061
26,4230;-0,5082;-0,9186;0,0899;1,054
26,4270;-0,5042;-0,9068;0,0938;1,042
26,4290;-0,5003;-0,9068;0,0938;1,040
26,4300;-0,5042;-0,9030;0,0938;1,038
26,4320;-0,5003;-0,8912;0,0899;1,026
26,4450;-0,5003;-0,8873;0,0938;1,023
26,4500;-0,4964;-0,8834;0,0899;1,017
26,4670;-0,4886;-0,8716;0,0938;1,004
26,4710;-0,4847;-0,8639;0,0899;0,995
26,5140;-0,4807;-0,8639;0,0899;0,993
26,5170;-0,4730;-0,8560;0,0859;0,982
26,5210;-0,4730;-0,8521;0,0859;0,978
26,5220;-0,4730;-0,8482;0,0859;0,975
26,5240;-0,4691;-0,8482;0,0859;0,973
26,5330;-0,4651;-0,8443;0,0859;0,968
26,5400;-0,4651;-0,8443;0,0820;0,967
26,5500;-0,4612;-0,8404;0,0859;0,962
26,6240;-0,4573;-0,8404;0,0820;0,960
26,6270;-0,4299;-0,7973;0,0742;0,909
26,6300;-0,4339;-0,8052;0,0742;0,918
26,6310;-0,4456;-0,8208;0,0742;0,937
26,6340;-0,5003;-0,8248;-1,0906;1,456
26,6370;-0,3908;-0,9068;-0,3869;1,061
26,6390;-0,3205;-0,9459;-0,2932;1,041
26,6410;-0,2541;-0,9577;0,0391;0,992
26,6430;-0,2736;-1,0437;0,0977;1,083
26,6510;-0,1290;-0,9850;0,0977;0,998
26,6610;-0,0742;-0,9811;0,1016;0,989
26,6700;-0,0039;-0,9382;0,7583;1,206
26,7240;-0,0391;-1,1140;0,9186;1,444
26,7260;-0,3009;-0,7973;0,9890;1,306
26,7290;-0,6645;-0,7192;0,3635;1,044
26,7300;-0,6684;-0,7505;0,0351;1,006
26,7320;-0,6449;-0,4065;-0,0430;0,764
26,7340;-0,6293;-0,1837;0,0664;0,659
26,7420;-0,6645;-0,4573;0,1055;0,814
26,7570;-0,8208;-0,6528;-0,0273;1,049
26,7650;-0,8795;-0,5511;-0,3635;1,100
26,7720;-0,7700;-0,4964;-0,3361;0,976
26,7910;-0,6449;-0,4573;-0,3127;0,850
26,7960;-0,6723;-0,4847;-0,2462;0,865
26,8030;-0,7740;-0,4964;-0,0742;0,922
26,8220;-0,8326;-0,5238;-0,0430;0,985
26,8480;-0,8639;-0,5315;-0,0820;1,018
26,8510;-0,8482;-0,5590;-0,0899;1,020
26,8590;-0,8560;-0,5667;-0,0195;1,027
26,8610;-0,8639;-0,5433;0,0156;1,021
26,8630;-0,8716;-0,5159;0,0195;1,013
26,9140;-0,8639;-0,5120;0,0234;1,004
27,7930;-0,8208;-0,5159;-0,0195;0,970
27,7950;-0,7896;-0,5042;-0,0624;0,939
27,7970;-0,7544;-0,4807;-0,0899;0,899
27,8000;-0,7700;-0,4886;-0,1094;0,918
27,8020;-0,7935;-0,5003;-0,1055;0,944
27,8040;-0,7973;-0,5199;-0,1133;0,959
27,8070;-0,8013;-0,5315;-0,1055;0,967
27,8090;-0,8013;-0,5550;-0,1367;0,984
27,8110;-0,8365;-0,5394;-0,0977;1,000
27,8130;-0,8443;-0,5394;-0,0664;1,004
27,8150;-0,8248;-0,5003;-0,0391;0,965
27,8160;-0,8326;-0,4886;-0,0078;0,965
27,8180;-0,8365;-0,5082;-0,0039;0,979
27,8210;-0,8365;-0,5082;-0,0078;0,979
27,8220;-0,8287;-0,5042;-0,0078;0,970
27,8400;-0,8287;-0,5003;-0,0116;0,968
27,8950;-0,8208;-0,5042;-0,0078;0,963
27,8970;-0,8169;-0,5003;0,0000;0,958
27,9010;-0,8169;-0,4924;0,0039;0,954
27,9030;-0,8091;-0,4847;0,0000;0,943
27,9050;-0,8131;-0,4847;-0,0039;0,947
27,9070;-0,8208;-0,4886;-0,0039;0,955
27,9140;-0,8248;-0,4924;-0,0116;0,961
27,9290;-0,8404;-0,5003;-0,0116;0,978
27,9310;-0,8443;-0,5082;-0,0039;0,985
27,9450;-0,8365;-0,5003;-0,0078;0,975
27,9500;-0,8365;-0,5042;-0,0156;0,977
28,0050;-0,8365;-0,5042;-0,0116;0,977
28,0100;-0,8287;-0,5003;-0,0156;0,968
28,0120;-0,8326;-0,5042;-0,0116;0,973
28,0130;-0,8287;-0,5042;-0,0116;0,970
28,0150;-0,8248;-0,5003;-0,0116;0,965
28,0220;-0,8208;-0,4964;-0,0039;0,959
28,0230;-0,8169;-0,5003;-0,0078;0,958
28,0320;-0,8169;-0,4924;-0,0116;0,954
28,0460;-0,8131;-0,5003;-0,0078;0,955
28,0500;-0,8208;-0,5003;-0,0039;0,961
28,0990;-0,8248;-0,5042;-0,0156;0,967
28,1020;-0,8248;-0,5042;-0,0039;0,967
28,1030;-0,8248;-0,5003;0,0039;0,965
28,1070;-0,8248;-0,5042;-0,0039;0,967
28,1100;-0,8326;-0,5042;0,0000;0,973
28,1110;-0,8365;-0,5082;0,0039;0,979
28,1230;-0,8404;-0,5120;0,0039;0,984
28,1300;-0,8404;-0,5082;0,0039;0,982
28,1400;-0,8287;-0,5120;0,0000;0,974
28,1950;-0,8208;-0,5003;0,0078;0,961
28,1980;-0,8208;-0,4964;0,0039;0,959
28,2010;-0,8131;-0,4924;0,0039;0,951
28,2090;-0,8131;-0,4847;-0,0078;0,947
28,2100;-0,8169;-0,4964;-0,0156;0,956
28,2120;-0,8208;-0,5042;-0,0234;0,964
28,2130;-0,8208;-0,5003;-0,0273;0,962
28,2210;-0,8287;-0,5003;-0,0312;0,968
28,2300;-0,8287;-0,5159;-0,0195;0,976
28,2440;-0,8248;-0,5082;-0,0156;0,969
28,2510;-0,8287;-0,5082;-0,0273;0,972
28,2660;-0,8248;-0,5082;-0,0116;0,969
28,2710;-0,8326;-0,5082;-0,0195;0,976
28,3650;-0,8287;-0,5042;-0,0156;0,970
28,3690;-0,8287;-0,5042;-0,0116;0,970
28,3710;-0,8287;-0,5042;-0,0195;0,970
28,3720;-0,8326;-0,5003;-0,0078;0,971
28,3740;-0,8365;-0,4964;-0,0078;0,973
28,3750;-0,8326;-0,5003;-0,0039;0,971
28,3760;-0,8326;-0,4964;-0,0039;0,969
28,3780;-0,8248;-0,4924;-0,0039;0,961
28,3990;-0,8287;-0,4924;0,0000;0,964
28,4000;-0,8208;-0,4886;0,0078;0,955
28,4020;-0,8208;-0,4924;0,0078;0,957
28,4030;-0,8326;-0,5003;-0,0078;0,971
28,4050;-0,8287;-0,5003;-0,0078;0,968
28,4150;-0,8287;-0,4964;-0,0116;0,966
28,4200;-0,8326;-0,5003;-0,0116;0,971
28,5140;-0,8404;-0,5003;0,0000;0,978
28,5210;-0,8365;-0,5003;0,0116;0,975
28,5220;-0,8326;-0,4964;0,0116;0,969
28,5280;-0,8326;-0,4964;0,0000;0,969
28,5300;-0,8326;-0,5003;0,0000;0,971
28,5310;-0,8287;-0,4964;0,0156;0,966
28,5380;-0,8326;-0,4964;0,0078;0,969
28,5400;-0,8326;-0,4964;-0,0078;0,969
28,5420;-0,8326;-0,4964;-0,0039;0,969
28,5430;-0,8208;-0,4924;0,0116;0,957
28,5440;-0,8131;-0,4924;0,0234;0,951
28,5640;-0,8248;-0,5003;0,0156;0,965
28,5660;-0,8287;-0,5003;-0,0195;0,968
28,5700;-0,8169;-0,5003;-0,0078;0,958
28,6770;-0,8248;-0,5003;-0,0078;0,965
28,6800;-0,8326;-0,5042;-0,0039;0,973
28,6810;-0,8443;-0,5042;-0,0039;0,983
28,6890;-0,8404;-0,5042;0,0078;0,980
28,6910;-0,8326;-0,4964;0,0078;0,969
28,6920;-0,8404;-0,4964;0,0000;0,976
28,6970;-0,8208;-0,4886;0,0039;0,955
28,7070;-0,8208;-0,4886;0,0000;0,955
28,7090;-0,8326;-0,4924;0,0000;0,967
28,7110;-0,8326;-0,5003;0,0116;0,971
28,7120;-0,8248;-0,4964;0,0000;0,963
28,7140;-0,8326;-0,4924;-0,0039;0,967
29,5940;-0,8365;-0,4964;0,0116;0,973
29,6010;-0,8365;-0,4924;0,0116;0,971
29,6030;-0,8326;-0,4924;0,0116;0,967
29,6040;-0,8248;-0,4924;0,0039;0,961
29,6060;-0,8208;-0,4886;-0,0039;0,955
29,6070;-0,8326;-0,4924;0,0000;0,967
29,6100;-0,8287;-0,4924;0,0078;0,964
29,6110;-0,8326;-0,4924;0,0000;0,967
29,6130;-0,8287;-0,4964;0,0039;0,966
29,6140;-0,8287;-0,4924;0,0078;0,964
29,6160;-0,8326;-0,4924;0,0039;0,967
29,6170;-0,8365;-0,4964;0,0039;0,973
29,6200;-1,3016;-0,5629;0,5433;1,519
29,6230;-1,1961;-0,5315;0,5981;1,439
29,6250;-1,0437;-0,4299;0,7427;1,351
29,6770;-1,0281;-0,3322;0,8560;1,378
29,6830;-1,0906;-0,3713;0,7857;1,395
29,6860;-1,0632;-0,3635;0,7114;1,330
29,6900;-0,9929;-0,1798;0,6098;1,179
29,6920;-0,8248;0,0508;0,2462;0,862
29,6940;-0,2462;0,0859;-0,7192;0,765
29,6970;-0,6997;-0,1524;0,0000;0,716
29,7010;-1,1688;-0,3791;0,5355;1,340
29,7600;-1,0163;-0,4339;0,5667;1,242
29,7640;-0,7817;-0,5003;0,8678;1,271
29,7670;-0,6762;-0,5785;0,8560;1,235
29,7700;-0,6762;-0,4416;0,6371;1,029
29,7720;-0,7270;-0,2932;0,5590;0,963
29,7740;-0,8052;-0,2228;0,4886;0,968
29,7760;-0,8248;-0,2110;0,5159;0,995
29,7800;-0,7817;-0,2189;0,4730;0,940
29,8330;-0,7583;-0,2423;0,4730;0,926
29,8360;-0,7349;-0,1954;0,5199;0,921
29,8390;-0,7700;-0,1993;0,4612;0,919
29,8420;-0,8052;-0,1876;0,4807;0,956
29,8440;-0,8326;-0,1758;0,4924;0,983
29,8470;-0,8365;-0,1524;0,4534;0,964
29,8500;-0,7857;-0,1367;0,5590;0,974
29,9010;-0,6254;-0,0664;0,6293;0,890
29,9050;-0,6566;-0,0430;0,5277;0,843
29,9070;-0,6997;0,0624;0,4691;0,845
29,9100;-0,7700;0,1367;0,4183;0,887
29,9120;-0,8443;0,1446;0,3557;0,928
29,9140;-0,8834;0,1367;0,3361;0,955
30,0800;-0,8873;0,1602;0,3361;0,962
30,0820;-0,8873;0,1876;0,3479;0,971
30,0850;-0,8560;0,2110;0,3908;0,964
30,0870;-0,8052;0,2110;0,4573;0,950
30,0890;-0,8052;0,2110;0,4495;0,946
30,0930;-0,8052;0,1758;0,4807;0,954
30,0950;-0,8013;0,1329;0,5042;0,956
30,0970;-0,8326;0,0742;0,4964;0,972
30,1070;-0,8365;0,1094;0,5082;0,985
30,1100;-0,8873;0,1094;0,5042;1,026
30,1110;-0,8678;0,1094;0,4768;0,996
30,1130;-0,8678;0,1329;0,4378;0,981
30,1150;0,0938;0,6762;0,5590;0,882
30,1170;-0,4730;0,4886;0,4065;0,792
30,1300;-0,2384;0,6645;0,5707;0,908
30,1320;-0,2384;0,7622;0,4573;0,920
30,1340;-0,2580;0,8169;0,3752;0,935
30,1360;-0,3557;0,8208;0,2462;0,928
30,1650;-0,4768;0,6957;0,4065;0,936
30,1670;-0,5550;0,4847;0,6332;0,972
30,1760;-0,5238;0,4378;0,7270;0,997
30,1790;-0,4339;0,2345;0,8873;1,015
30,1810;-0,4416;0,2774;0,5823;0,782
30,2420;-0,4886;0,2736;0,5667;0,797
30,2470;-0,3635;0,3283;0,7622;0,906
30,2500;-0,2228;0,4026;0,7700;0,897
30,2520;-0,0782;0,4573;0,5902;0,751
30,2550;-0,0156;0,4026;0,4456;0,601
30,2570;0,0000;0,3713;0,4260;0,565
30,2610;0,0273;0,2618;0,5042;0,569
30,2630;0,0312;0,2033;0,6410;0,673
30,3160;0,0078;0,2033;0,7935;0,819
30,3200;-0,0899;0,3049;0,9342;0,987
30,3230;-0,1172;0,3869;0,9655;1,047
30,3270;-0,1016;0,4534;0,9811;1,086
30,3290;-0,0468;0,4924;0,8443;0,979
30,3320;-0,1602;0,5003;0,7700;0,932
30,3340;-0,2033;0,4964;0,7661;0,935
30,3900;-0,1211;0,5042;0,8873;1,028
30,3920;-0,0899;0,5120;0,9303;1,066
30,3970;-0,0273;0,4924;0,8013;0,941
30,3990;-0,0116;0,4730;0,7465;0,884
30,4010;0,0742;0,4378;0,7270;0,852
30,4030;0,1016;0,4495;0,7349;0,867
30,4050;0,1290;0,5003;0,7857;0,940
30,4150;0,0938;0,5550;0,8326;1,005
30,4200;-0,0351;0,5238;0,8521;1,001
30,4740;-0,3283;0,5199;0,2423;0,661
30,4800;-0,1094;0,4847;1,2431;1,339
30,4820;-0,0938;0,5159;0,9459;1,082
30,4840;-0,0586;0,6137;0,8639;1,061
30,4860;-0,0195;0,6528;0,8521;1,074
30,4900;-0,0430;0,6449;0,9107;1,117
30,4920;-0,0468;0,6058;0,8326;1,031
30,5010;-0,0547;0,6176;0,7583;0,979
30,5590;0,0430;0,6098;0,7349;0,956
31,3780;0,2071;0,5003;0,7427;0,919
31,3800;0,2110;0,4847;0,7427;0,912
31,3810;0,1758;0,4299;0,8131;0,936
31,3900;0,1172;0,3361;0,9577;1,022
31,3920;0,1133;0,3244;1,0163;1,073
31,3940;0,1602;0,3674;0,9538;1,035
31,3970;0,0703;0,5003;0,9382;1,066
31,3990;0,0664;0,6606;0,9382;1,149
31,4010;-0,3283;0,7349;0,6762;1,051
31,4030;0,0742;0,9107;0,8013;1,215
31,4050;0,1993;0,6254;0,7700;1,012
31,4080;0,1446;0,5433;0,7896;0,969
31,4100;0,3400;0,4651;0,8208;1,003
31,4130;0,3049;0,4651;0,8639;1,027
31,4140;0,1681;0,3869;1,0046;1,090
31,4160;0,3244;0,3283;0,8404;0,959
31,4290;0,2932;0,4886;0,8248;1,002
31,4320;0,3127;0,4651;0,8443;1,013
31,4880;0,3479;0,4183;0,8795;1,034
31,4930;0,3361;0,3791;0,8990;1,032
31,4960;0,3713;0,3440;0,8560;0,994
31,4970;0,3596;0,4104;0,7740;0,947
31,5040;0,3322;0,4730;0,8365;1,017
31,5070;0,3283;0,4534;0,8678;1,033
31,5080;0,3127;0,4416;0,8716;1,026
31,5110;0,3517;0,4104;0,8482;1,006
31,5580;0,3205;0,3948;0,8482;0,989
31,5610;0,3713;0,4221;0,9382;1,094
31,5630;0,3869;0,4416;0,8131;1,003
31,5660;0,3361;0,4730;0,8482;1,028
31,5680;0,3049;0,4143;0,8013;0,952
31,5700;0,2853;0,4534;0,8482;1,003
31,6360;0,2736;0,4534;0,8287;0,983
31,6470;0,2736;0,4416;0,8248;0,975
31,6490;0,3244;0,4573;0,8365;1,007
31,6510;0,3244;0,4612;0,8326;1,006
31,6540;0,3088;0,4378;0,8169;0,977
31,6560;0,3322;0,3948;0,8091;0,960
31,6600;0,3244;0,3752;0,8365;0,973
31,6620;0,3596;0,3791;0,8599;1,006
31,6640;0,3831;0,4104;0,8951;1,057
31,6730;0,3908;0,4416;0,9030;1,078
31,7240;0,3596;0,4730;0,8795;1,061
31,7270;0,3127;0,4730;0,8326;1,007
31,7280;0,2697;0,4339;0,8560;0,997
31,7320;0,3479;0,4339;0,7817;0,959
31,7350;0,3791;0,4691;0,7817;0,987
31,7370;0,3752;0,4416;0,8560;1,034
31,7470;0,3557;0,4339;0,8560;1,024
31,7500;0,3049;0,4183;0,8482;0,994
31,8100;0,2892;0,4104;0,8248;0,966
31,8130;0,2736;0,3987;0,8208;0,953
31,8160;0,3049;0,4339;0,8287;0,984
31,8170;0,2580;0,4730;0,8287;0,988
31,8190;0,2580;0,4768;0,8443;1,003
31,8210;0,2697;0,4651;0,7973;0,962
31,8230;0,2580;0,4964;0,7270;0,917
31,8320;0,2501;0,4691;0,7036;0,882
31,8400;0,2580;0,4651;0,7505;0,920
31,8530;0,2580;0,4534;0,8716;1,016
31,8640;0,2580;0,4573;0,9107;1,051
31,9350;0,2462;0,4768;0,9068;1,054
31,9370;0,2462;0,4730;0,9538;1,093
31,9400;0,2853;0,4573;1,0632;1,192
31,9420;0,2618;0,4730;0,9459;1,090
31,9440;0,2697;0,4964;0,8756;1,042
31,9450;0,2149;0,4924;0,8639;1,017
31,9480;0,2189;0,4807;0,8678;1,016
31,9500;0,1758;0,4339;0,9147;1,028
31,9520;0,1641;0,4143;0,8990;1,003
31,9620;0,1133;0,2932;0,9342;0,986
31,9700;0,1367;0,4026;0,8834;0,980
32,0210;0,1250;0,4065;0,9147;1,009
32,0240;0,1211;0,4026;0,9186;1,010
32,0260;0,1016;0,4416;0,8756;0,986
32,0270;0,0859;0,4534;0,8131;0,935
32,0300;0,0938;0,5082;0,6918;0,864
32,0320;0,1094;0,5511;0,7074;0,903
32,0420;0,1055;0,5277;0,7661;0,936
32,0500;0,1524;0,5394;0,8443;1,013
32,0620;0,0468;0,5277;0,9186;1,060
32,0770;0,0899;0,5472;0,8599;1,023
32,0800;0,1290;0,5003;0,8795;1,020
32,1340;0,1290;0,4221;0,9107;1,012
32,1360;0,1367;0,4807;0,9694;1,091
32,1380;0,1055;0,4573;0,9929;1,098
32,1410;0,1250;0,4807;0,9147;1,041
32,1430;0,1211;0,5159;0,8951;1,040
32,1450;0,1602;0,5433;0,9186;1,079
32,1560;0,1758;0,5511;0,9224;1,089
32,1600;0,1329;0,5277;0,8912;1,044
32,1770;0,1250;0,5590;0,8169;0,998
32,1810;0,0859;0,5355;0,7896;0,958
32,1900;0,1133;0,4534;0,7192;0,858
32,2520;0,0586;0,5120;0,7857;0,940
32,2540;0,0273;0,5120;0,8326;0,978
32,2560;-0,0156;0,4299;0,8912;0,990
32,2570;0,0273;0,6058;0,8052;1,008
32,2600;-0,0273;0,5863;0,7779;0,974
32,2620;-0,0624;0,5394;0,8482;1,007
32,9870;-0,0586;0,5433;0,8208;0,986
32,9890;-0,0234;0,5277;0,7896;0,950
32,9910;-0,0039;0,5277;0,7973;0,956
32,9920;-0,0039;0,5042;0,7896;0,937
32,9930;0,0000;0,5003;0,7700;0,918
32,9950;0,0195;0,5082;0,7896;0,939
32,9970;0,0273;0,5277;0,8091;0,966
32,9990;0,0234;0,5394;0,8091;0,973
33,0010;0,0312;0,5277;0,8052;0,963
33,0020;0,0351;0,5082;0,8248;0,969
33,0040;0,0508;0,5472;0,8326;0,998
33,0060;0,0391;0,5159;0,8404;0,987
33,0080;0,0273;0,5629;0,8248;0,999
33,0110;0,0391;0,5550;0,8208;0,992
33,0120;0,0351;0,5433;0,7973;0,965
33,0300;0,0351;0,5511;0,8013;0,973
33,0330;0,0430;0,5629;0,8091;0,987
